{"type":"FeatureCollection","features":[{"type":"Feature","geometry":{"type":"Polygon","coordinates":[[[-1.893434,46.637955],[-1.894925,46.639122],[-1.894827,46.639357],[-1.895694,46.63909],[-1.896828,46.640042],[-1.897679,46.639966],[-1.897423,46.640248],[-1.898719,46.642329],[-1.900802,46.644081],[-1.901923,46.64619],[-1.904268,46.648002],[-1.906564,46.650682],[-1.90791,46.651193],[-1.908446,46.652388],[-1.907783,46.653319],[-1.907886,46.654889],[-1.910946,46.659652],[-1.912883,46.662016],[-1.913783,46.662317],[-1.914316,46.663368],[-1.915169,46.663828],[-1.916622,46.66608],[-1.923536,46.672658],[-1.929747,46.680187],[-1.933834,46.684315],[-1.936047,46.685972],[-1.940779,46.690964],[-1.944423,46.693689],[-1.948377,46.69547],[-1.947906,46.695853],[-1.944992,46.694878],[-1.939819,46.690956],[-1.936836,46.689527],[-1.935068,46.687863],[-1.933455,46.685678],[-1.926381,46.680475],[-1.919414,46.67267],[-1.916234,46.670979],[-1.915328,46.668978],[-1.915237,46.665664],[-1.913204,46.665244],[-1.91267,46.664787],[-1.913026,46.663638],[-1.911763,46.662388],[-1.910789,46.661803],[-1.909611,46.662152],[-1.909638,46.661052],[-1.906676,46.660289],[-1.906013,46.659387],[-1.905949,46.658378],[-1.908395,46.657161],[-1.908396,46.656522],[-1.908068,46.655839],[-1.906073,46.654761],[-1.905298,46.653267],[-1.902835,46.652503],[-1.90058,46.650282],[-1.894071,46.648538],[-1.890091,46.644642],[-1.886458,46.642705],[-1.884113,46.641963],[-1.875346,46.64043],[-1.873974,46.640291],[-1.872088,46.640624],[-1.867812,46.642123],[-1.864004,46.642471],[-1.861068,46.642398],[-1.851127,46.641196],[-1.844487,46.641856],[-1.839438,46.641283],[-1.831503,46.641419],[-1.826802,46.642717],[-1.821789,46.643517],[-1.81778,46.643585],[-1.816331,46.643891],[-1.814075,46.645478],[-1.812508,46.645896],[-1.808033,46.646284],[-1.806217,46.647035],[-1.804577,46.648524],[-1.802527,46.649111],[-1.791592,46.645539],[-1.790371,46.645513],[-1.788791,46.645947],[-1.786281,46.647688],[-1.784397,46.648267],[-1.781818,46.647505],[-1.77493,46.643971],[-1.767584,46.642767],[-1.758534,46.639866],[-1.751563,46.638863],[-1.747528,46.636711],[-1.746017,46.636458],[-1.744839,46.636591],[-1.738921,46.638596],[-1.732567,46.638013],[-1.726289,46.639172],[-1.724895,46.639069],[-1.720729,46.636038],[-1.718461,46.635766],[-1.713032,46.635754],[-1.711286,46.634986],[-1.709343,46.633377],[-1.70784,46.632782],[-1.703075,46.633847],[-1.696252,46.634877],[-1.694872,46.635361],[-1.694037,46.636025],[-1.693716,46.636952],[-1.694266,46.638985],[-1.695796,46.640482],[-1.696021,46.641597],[-1.695279,46.643086],[-1.695142,46.645484],[-1.693939,46.646385],[-1.693785,46.646889],[-1.696903,46.651047],[-1.696978,46.651873],[-1.696307,46.652662],[-1.690837,46.655099],[-1.688631,46.656435],[-1.685512,46.657512],[-1.684367,46.657428],[-1.682274,46.655752],[-1.681311,46.655498],[-1.674571,46.654805],[-1.674066,46.655308],[-1.67459,46.657734],[-1.673981,46.658569],[-1.668675,46.659999],[-1.664014,46.660243],[-1.66238,46.661868],[-1.661648,46.661881],[-1.659343,46.659836],[-1.656779,46.658621],[-1.654896,46.655878],[-1.652505,46.654194],[-1.651776,46.653937],[-1.650493,46.654012],[-1.649303,46.654685],[-1.646154,46.654905],[-1.636707,46.654156],[-1.634351,46.653366],[-1.631731,46.651104],[-1.630424,46.650538],[-1.626699,46.650155],[-1.623842,46.648133],[-1.62268,46.647854],[-1.620832,46.647835],[-1.617718,46.649213],[-1.611108,46.649015],[-1.606617,46.649847],[-1.604517,46.649943],[-1.603034,46.651198],[-1.598687,46.651205],[-1.59653,46.650553],[-1.593868,46.64897],[-1.591823,46.648766],[-1.589452,46.64794],[-1.585013,46.647383],[-1.582282,46.644603],[-1.579991,46.644067],[-1.577081,46.642449],[-1.57347,46.64231],[-1.572043,46.641738],[-1.571751,46.641267],[-1.5722,46.639949],[-1.571637,46.636976],[-1.569741,46.635524],[-1.559689,46.633726],[-1.557609,46.632421],[-1.556215,46.630626],[-1.554612,46.629587],[-1.553121,46.627449],[-1.553523,46.625722],[-1.552341,46.622723],[-1.552693,46.620799],[-1.553383,46.619887],[-1.554109,46.619848],[-1.554794,46.619082],[-1.555232,46.617351],[-1.554455,46.61599],[-1.552677,46.614668],[-1.545927,46.614262],[-1.543416,46.613331],[-1.541761,46.611005],[-1.537958,46.609992],[-1.533935,46.607926],[-1.532396,46.605359],[-1.531567,46.604604],[-1.529353,46.604277],[-1.526542,46.604435],[-1.523038,46.605148],[-1.520496,46.605081],[-1.519241,46.60452],[-1.517455,46.602202],[-1.516072,46.601493],[-1.51287,46.601493],[-1.509709,46.600023],[-1.506443,46.597819],[-1.500941,46.596637],[-1.499997,46.596157],[-1.498779,46.594439],[-1.498401,46.591487],[-1.496999,46.591246],[-1.495055,46.589494],[-1.494097,46.587049],[-1.494182,46.57993],[-1.493184,46.574701],[-1.488874,46.570327],[-1.487884,46.567411],[-1.484937,46.565943],[-1.48401,46.567463],[-1.482791,46.565263],[-1.480905,46.562936],[-1.479809,46.562045],[-1.477012,46.560669],[-1.476144,46.55978],[-1.475237,46.55745],[-1.474467,46.556615],[-1.472225,46.555579],[-1.467019,46.554927],[-1.465872,46.553794],[-1.465754,46.552246],[-1.466532,46.551107],[-1.468858,46.550039],[-1.471085,46.547777],[-1.470956,46.545929],[-1.469476,46.544508],[-1.465853,46.542725],[-1.464283,46.54154],[-1.463892,46.540704],[-1.466003,46.53673],[-1.464852,46.535106],[-1.461177,46.534907],[-1.459176,46.5341],[-1.453565,46.530369],[-1.452781,46.529062],[-1.45334,46.528467],[-1.454547,46.528182],[-1.45783,46.52817],[-1.459376,46.527832],[-1.460406,46.525803],[-1.460158,46.523829],[-1.462201,46.521678],[-1.46562,46.519416],[-1.467585,46.516468],[-1.467797,46.515064],[-1.46718,46.513679],[-1.463586,46.512331],[-1.462101,46.5109],[-1.461941,46.510193],[-1.463174,46.507533],[-1.463317,46.504132],[-1.462847,46.502884],[-1.461036,46.501506],[-1.457896,46.500684],[-1.452929,46.49627],[-1.452368,46.494948],[-1.4526,46.489149],[-1.451689,46.484872],[-1.452958,46.479894],[-1.451825,46.478591],[-1.449193,46.477498],[-1.447963,46.476476],[-1.448104,46.475336],[-1.44952,46.473604],[-1.449685,46.472977],[-1.449093,46.471223],[-1.450595,46.467138],[-1.449018,46.464893],[-1.44397,46.462972],[-1.443006,46.461499],[-1.443326,46.460678],[-1.446255,46.457798],[-1.447233,46.455198],[-1.448223,46.453878],[-1.451019,46.450876],[-1.450641,46.451314],[-1.45432,46.453434],[-1.457432,46.456934],[-1.458581,46.460318],[-1.461782,46.45949],[-1.464875,46.457135],[-1.466445,46.455371],[-1.469097,46.456003],[-1.471642,46.456999],[-1.47529,46.456966],[-1.479426,46.456467],[-1.487899,46.45466],[-1.493848,46.455016],[-1.493594,46.456887],[-1.494178,46.458335],[-1.498226,46.458118],[-1.499833,46.458545],[-1.501055,46.459511],[-1.501383,46.461137],[-1.500977,46.462261],[-1.500332,46.463037],[-1.499269,46.463593],[-1.499149,46.464192],[-1.500031,46.465054],[-1.502575,46.465668],[-1.511479,46.463342],[-1.51497,46.463238],[-1.5169,46.463719],[-1.518669,46.463729],[-1.521296,46.464615],[-1.522157,46.465349],[-1.522599,46.463431],[-1.523158,46.462741],[-1.522812,46.462665],[-1.522998,46.462301],[-1.524061,46.461028],[-1.525598,46.460451],[-1.529105,46.460641],[-1.531801,46.461294],[-1.534265,46.461037],[-1.537425,46.460071],[-1.543658,46.460431],[-1.551751,46.45901],[-1.561627,46.458214],[-1.569384,46.456748],[-1.571742,46.456151],[-1.573418,46.455294],[-1.575973,46.455316],[-1.576639,46.455827],[-1.576133,46.456389],[-1.576262,46.456907],[-1.577137,46.457256],[-1.577677,46.458433],[-1.578297,46.458601],[-1.580462,46.458305],[-1.580784,46.458988],[-1.580068,46.460028],[-1.584855,46.461165],[-1.592938,46.461225],[-1.59692,46.460935],[-1.596633,46.460336],[-1.598134,46.460935],[-1.605066,46.460197],[-1.60816,46.461013],[-1.610843,46.462452],[-1.61126,46.461912],[-1.610501,46.46066],[-1.608216,46.457613],[-1.605302,46.455113],[-1.604104,46.452718],[-1.618917,46.450561],[-1.627006,46.45004],[-1.626769,46.449693],[-1.627216,46.448734],[-1.628677,46.44841],[-1.629038,46.449175],[-1.630708,46.450017],[-1.635126,46.450282],[-1.636189,46.448395],[-1.638842,46.44733],[-1.643456,46.447053],[-1.644207,46.445998],[-1.644498,46.44433],[-1.645343,46.443442],[-1.647215,46.443064],[-1.648227,46.443285],[-1.649901,46.444987],[-1.65441,46.447723],[-1.656576,46.450568],[-1.663051,46.45214],[-1.663596,46.452008],[-1.66164,46.449597],[-1.661187,46.44571],[-1.665788,46.440424],[-1.668879,46.440162],[-1.676116,46.441686],[-1.68075,46.442261],[-1.685168,46.443663],[-1.691012,46.446138],[-1.695043,46.445995],[-1.694484,46.445055],[-1.696009,46.446935],[-1.696893,46.447473],[-1.698687,46.447068],[-1.69886,46.447431],[-1.701056,46.447746],[-1.701667,46.448194],[-1.702598,46.448215],[-1.702984,46.448638],[-1.70481,46.448972],[-1.705494,46.449701],[-1.706285,46.449844],[-1.706482,46.450461],[-1.707636,46.450978],[-1.708015,46.450977],[-1.708363,46.450475],[-1.709737,46.451119],[-1.710196,46.45085],[-1.710636,46.451383],[-1.710664,46.451133],[-1.711089,46.451361],[-1.711078,46.452583],[-1.711587,46.452688],[-1.711083,46.45265],[-1.710838,46.453396],[-1.711062,46.45377],[-1.712375,46.454313],[-1.71211,46.455174],[-1.7124,46.455992],[-1.714666,46.45892],[-1.716448,46.458852],[-1.717975,46.459297],[-1.720825,46.459052],[-1.721424,46.458731],[-1.72172,46.457482],[-1.723991,46.458683],[-1.724456,46.458768],[-1.724699,46.458515],[-1.72587,46.459727],[-1.72541,46.460082],[-1.725906,46.460107],[-1.725881,46.460605],[-1.726905,46.461427],[-1.72866,46.462246],[-1.728826,46.462657],[-1.731566,46.463525],[-1.732742,46.464361],[-1.732056,46.464858],[-1.732456,46.465834],[-1.734989,46.466431],[-1.735451,46.466185],[-1.736066,46.46635],[-1.735994,46.466725],[-1.736596,46.46719],[-1.737051,46.46687],[-1.737549,46.467427],[-1.737101,46.467536],[-1.736937,46.468075],[-1.737272,46.468359],[-1.738037,46.468302],[-1.738352,46.467866],[-1.739113,46.468212],[-1.740249,46.468066],[-1.740339,46.468345],[-1.741988,46.468794],[-1.742017,46.46903],[-1.741737,46.468958],[-1.742126,46.469474],[-1.743355,46.469748],[-1.743175,46.470187],[-1.744868,46.470886],[-1.744931,46.471156],[-1.746034,46.471223],[-1.74608,46.471604],[-1.746663,46.471513],[-1.747735,46.472916],[-1.74875,46.473183],[-1.749995,46.473086],[-1.750471,46.473602],[-1.751288,46.473539],[-1.752285,46.474186],[-1.753551,46.47403],[-1.753948,46.474629],[-1.754921,46.474173],[-1.755341,46.474355],[-1.757313,46.475693],[-1.75799,46.475805],[-1.758458,46.476877],[-1.759567,46.477506],[-1.760087,46.477341],[-1.759953,46.47767],[-1.760325,46.477674],[-1.762159,46.481525],[-1.768635,46.487214],[-1.770105,46.488993],[-1.778058,46.493075],[-1.781367,46.494172],[-1.784137,46.494667],[-1.790248,46.494452],[-1.792281,46.493685],[-1.7934,46.492483],[-1.791834,46.490582],[-1.793692,46.492669],[-1.795158,46.495873],[-1.79384,46.496434],[-1.790329,46.496201],[-1.789333,46.496375],[-1.789246,46.496675],[-1.786396,46.497876],[-1.787711,46.499276],[-1.78801,46.499145],[-1.787624,46.498729],[-1.788026,46.498343],[-1.790899,46.497105],[-1.793649,46.497434],[-1.79253,46.497747],[-1.791102,46.497676],[-1.789716,46.498294],[-1.790303,46.49828],[-1.789798,46.498467],[-1.790166,46.499314],[-1.79361,46.498607],[-1.793317,46.497917],[-1.794445,46.497326],[-1.794628,46.497628],[-1.795685,46.49772],[-1.795797,46.498372],[-1.793422,46.500538],[-1.789191,46.501445],[-1.787769,46.502164],[-1.789402,46.504434],[-1.791422,46.503788],[-1.791982,46.504654],[-1.79247,46.504565],[-1.791654,46.502596],[-1.792651,46.503352],[-1.795749,46.502245],[-1.795959,46.501758],[-1.795076,46.500568],[-1.796599,46.499142],[-1.795994,46.495044],[-1.79466,46.49233],[-1.795039,46.491584],[-1.794031,46.490643],[-1.794392,46.489582],[-1.793504,46.488107],[-1.792719,46.488082],[-1.791913,46.487259],[-1.792749,46.488],[-1.793541,46.488079],[-1.794452,46.489536],[-1.795556,46.489759],[-1.79627,46.489266],[-1.798246,46.489393],[-1.799273,46.488662],[-1.799767,46.488924],[-1.801512,46.488874],[-1.801979,46.489176],[-1.802908,46.488791],[-1.803144,46.489155],[-1.804416,46.489215],[-1.805437,46.489803],[-1.805362,46.49051],[-1.806871,46.491917],[-1.807801,46.492202],[-1.808506,46.491756],[-1.809032,46.491817],[-1.810181,46.492834],[-1.81065,46.492705],[-1.811308,46.493451],[-1.812602,46.493912],[-1.81462,46.497436],[-1.816473,46.505364],[-1.817083,46.50603],[-1.817468,46.50802],[-1.818323,46.50954],[-1.819166,46.509946],[-1.81829,46.51187],[-1.819157,46.513233],[-1.820089,46.518579],[-1.821058,46.521096],[-1.821905,46.525523],[-1.82319,46.528481],[-1.823668,46.53169],[-1.826321,46.537335],[-1.828908,46.545227],[-1.831614,46.548465],[-1.833122,46.551414],[-1.834154,46.554707],[-1.838308,46.562905],[-1.840568,46.57075],[-1.846295,46.581674],[-1.847371,46.584442],[-1.846961,46.584575],[-1.847205,46.585212],[-1.847912,46.585244],[-1.848191,46.585685],[-1.849156,46.590067],[-1.853561,46.603002],[-1.855927,46.607976],[-1.857895,46.610663],[-1.86187,46.613422],[-1.863393,46.615271],[-1.865297,46.616013],[-1.867009,46.616032],[-1.869419,46.616581],[-1.870726,46.617615],[-1.873022,46.62053],[-1.873283,46.622414],[-1.875309,46.627434],[-1.876016,46.628236],[-1.877637,46.629511],[-1.87962,46.629929],[-1.881215,46.631133],[-1.881786,46.631236],[-1.881962,46.631015],[-1.882582,46.631472],[-1.883512,46.631356],[-1.884813,46.6317],[-1.88651,46.632649],[-1.887625,46.63384],[-1.890961,46.635147],[-1.893434,46.637955]]]},"properties":{"zone_id":"BOCAGE_COTIERS_VENDEENS","libelle":"Bocage - Côtiers vendéens","type_zone":"hydrogeol","ponderations":{"ips":0.15,"debit":0.45,"spi_3":0.4}}},{"type":"Feature","geometry":{"type":"MultiPolygon","coordinates":[[[[-1.417951,46.446607],[-1.420195,46.446191],[-1.425931,46.44708],[-1.429779,46.449031],[-1.431007,46.452845],[-1.431906,46.453541],[-1.433879,46.453689],[-1.437497,46.453197],[-1.441178,46.450647],[-1.443318,46.449594],[-1.44684,46.449322],[-1.451006,46.450871],[-1.448223,46.453878],[-1.447233,46.455198],[-1.446255,46.457798],[-1.443326,46.460678],[-1.443006,46.461499],[-1.44397,46.462972],[-1.449018,46.464893],[-1.450595,46.467138],[-1.449093,46.471223],[-1.449685,46.472977],[-1.44952,46.473604],[-1.448104,46.475336],[-1.447963,46.476476],[-1.449193,46.477498],[-1.451825,46.478591],[-1.452958,46.479894],[-1.451689,46.484872],[-1.4526,46.489149],[-1.452286,46.494346],[-1.45263,46.495705],[-1.457896,46.500684],[-1.461036,46.501506],[-1.462847,46.502884],[-1.463317,46.504132],[-1.463174,46.507533],[-1.461941,46.510193],[-1.462101,46.5109],[-1.463586,46.512331],[-1.46718,46.513679],[-1.467841,46.515702],[-1.46562,46.519416],[-1.462201,46.521678],[-1.460158,46.523829],[-1.460406,46.525803],[-1.459376,46.527832],[-1.45334,46.528467],[-1.452781,46.529062],[-1.452993,46.52984],[-1.459176,46.5341],[-1.460402,46.534645],[-1.461177,46.534907],[-1.464852,46.535106],[-1.466003,46.53673],[-1.463892,46.540704],[-1.464283,46.54154],[-1.465853,46.542725],[-1.469476,46.544508],[-1.470956,46.545929],[-1.471259,46.546864],[-1.471085,46.547777],[-1.469461,46.549504],[-1.466532,46.551107],[-1.465754,46.552246],[-1.46566,46.553305],[-1.466379,46.554493],[-1.467884,46.55514],[-1.472238,46.555583],[-1.474467,46.556615],[-1.475237,46.55745],[-1.476144,46.55978],[-1.477012,46.560669],[-1.479809,46.562045],[-1.480905,46.562936],[-1.482791,46.565263],[-1.48401,46.567463],[-1.484937,46.565943],[-1.487884,46.567411],[-1.488874,46.570327],[-1.493184,46.574701],[-1.494182,46.57993],[-1.494097,46.587049],[-1.495055,46.589494],[-1.496999,46.591246],[-1.498401,46.591487],[-1.498779,46.594439],[-1.499997,46.596157],[-1.500941,46.596637],[-1.506443,46.597819],[-1.509709,46.600023],[-1.51287,46.601493],[-1.516072,46.601493],[-1.517455,46.602202],[-1.519241,46.60452],[-1.520496,46.605081],[-1.523038,46.605148],[-1.526542,46.604435],[-1.529353,46.604277],[-1.531567,46.604604],[-1.532396,46.605359],[-1.533935,46.607926],[-1.537958,46.609992],[-1.541645,46.61094],[-1.543416,46.613331],[-1.544743,46.613851],[-1.543211,46.615207],[-1.540396,46.616291],[-1.532518,46.617842],[-1.532197,46.618818],[-1.5341,46.62149],[-1.533843,46.622094],[-1.530267,46.624026],[-1.529976,46.625793],[-1.530257,46.627342],[-1.531502,46.629162],[-1.531448,46.63071],[-1.532315,46.633236],[-1.532214,46.634691],[-1.534277,46.637281],[-1.534901,46.637856],[-1.539565,46.64008],[-1.541569,46.642005],[-1.542514,46.642412],[-1.545956,46.642691],[-1.548871,46.643842],[-1.54907,46.644977],[-1.546191,46.647237],[-1.545511,46.648323],[-1.546348,46.650267],[-1.546166,46.652559],[-1.546653,46.653327],[-1.547731,46.653631],[-1.550067,46.653359],[-1.550656,46.653992],[-1.549192,46.65847],[-1.547955,46.659911],[-1.541382,46.662943],[-1.54139,46.664719],[-1.543042,46.66676],[-1.543051,46.667287],[-1.542204,46.668373],[-1.53587,46.669977],[-1.535512,46.670675],[-1.535733,46.671353],[-1.537609,46.672924],[-1.537858,46.67406],[-1.538629,46.674992],[-1.538291,46.676505],[-1.536612,46.677653],[-1.532216,46.677982],[-1.529591,46.678986],[-1.525248,46.679232],[-1.522278,46.680073],[-1.521929,46.681401],[-1.522636,46.683272],[-1.522512,46.683922],[-1.519712,46.68585],[-1.516095,46.690581],[-1.516305,46.69119],[-1.517751,46.692483],[-1.523289,46.695302],[-1.524085,46.698001],[-1.525996,46.699741],[-1.529246,46.701859],[-1.530016,46.702851],[-1.526915,46.704904],[-1.52574,46.707139],[-1.525976,46.708324],[-1.527345,46.710646],[-1.527283,46.711642],[-1.525589,46.712732],[-1.524996,46.713665],[-1.525385,46.714517],[-1.528154,46.71669],[-1.527735,46.718301],[-1.526647,46.718845],[-1.521734,46.719238],[-1.519951,46.719522],[-1.51746,46.720537],[-1.516128,46.720448],[-1.514043,46.719737],[-1.512035,46.717855],[-1.509375,46.71636],[-1.507697,46.716166],[-1.505162,46.716571],[-1.500064,46.715895],[-1.49896,46.71629],[-1.496323,46.718438],[-1.490804,46.72066],[-1.489856,46.720514],[-1.48701,46.719258],[-1.484752,46.717593],[-1.483144,46.715783],[-1.478296,46.713666],[-1.477383,46.713534],[-1.476229,46.71396],[-1.475856,46.714509],[-1.475969,46.716033],[-1.475211,46.717323],[-1.47432,46.717687],[-1.470003,46.717956],[-1.469137,46.718309],[-1.468916,46.718885],[-1.46914,46.719453],[-1.47456,46.722389],[-1.475566,46.72385],[-1.474988,46.727769],[-1.473287,46.729408],[-1.471377,46.730344],[-1.464584,46.730494],[-1.462999,46.73085],[-1.462758,46.731374],[-1.463112,46.732477],[-1.46464,46.733852],[-1.464417,46.734481],[-1.463191,46.735284],[-1.458128,46.736935],[-1.45242,46.739289],[-1.446956,46.738369],[-1.444778,46.739453],[-1.443654,46.741145],[-1.441723,46.742262],[-1.440248,46.742848],[-1.43472,46.743315],[-1.430865,46.746108],[-1.430149,46.746139],[-1.42929,46.745591],[-1.427374,46.743842],[-1.425871,46.74354],[-1.424867,46.744006],[-1.424169,46.745083],[-1.423323,46.747829],[-1.418133,46.75169],[-1.412388,46.75372],[-1.411153,46.754444],[-1.407387,46.758325],[-1.405653,46.757565],[-1.40373,46.757358],[-1.401767,46.757548],[-1.399062,46.758496],[-1.397492,46.761515],[-1.397,46.761977],[-1.395026,46.76267],[-1.391715,46.762317],[-1.390156,46.761741],[-1.388143,46.76007],[-1.383593,46.755079],[-1.381326,46.754201],[-1.376876,46.755498],[-1.374943,46.755681],[-1.37405,46.756148],[-1.371848,46.758321],[-1.368415,46.759619],[-1.366585,46.759943],[-1.364396,46.759891],[-1.361212,46.758892],[-1.357232,46.758163],[-1.354887,46.758698],[-1.351163,46.760721],[-1.348524,46.761576],[-1.346043,46.762063],[-1.342675,46.762089],[-1.339282,46.763821],[-1.337384,46.764224],[-1.335596,46.763996],[-1.329828,46.760016],[-1.32736,46.758899],[-1.317441,46.759266],[-1.311755,46.75823],[-1.309748,46.759011],[-1.308782,46.759075],[-1.307688,46.75874],[-1.304674,46.756567],[-1.303597,46.756208],[-1.301358,46.755902],[-1.297089,46.75599],[-1.296254,46.755531],[-1.295482,46.753257],[-1.294078,46.751949],[-1.292317,46.750933],[-1.290597,46.748141],[-1.285688,46.743775],[-1.283827,46.742522],[-1.278864,46.741332],[-1.277489,46.740666],[-1.276289,46.738976],[-1.275723,46.735475],[-1.274196,46.733128],[-1.270658,46.730931],[-1.267989,46.728401],[-1.259825,46.72497],[-1.255832,46.720197],[-1.254094,46.719633],[-1.247384,46.720229],[-1.245577,46.72014],[-1.241091,46.718196],[-1.238967,46.717953],[-1.238372,46.718764],[-1.2387,46.719754],[-1.238508,46.721029],[-1.237062,46.722621],[-1.234222,46.724704],[-1.229729,46.726547],[-1.228741,46.727481],[-1.228801,46.729234],[-1.23005,46.734365],[-1.229605,46.736084],[-1.228391,46.736716],[-1.227254,46.736568],[-1.225173,46.735186],[-1.223597,46.734968],[-1.221004,46.735569],[-1.220219,46.735505],[-1.217212,46.733662],[-1.2127,46.734356],[-1.211134,46.73432],[-1.208372,46.733635],[-1.203864,46.731769],[-1.201367,46.731477],[-1.19974,46.731968],[-1.198186,46.733077],[-1.194251,46.737015],[-1.192659,46.737771],[-1.188904,46.738782],[-1.187546,46.739524],[-1.187136,46.740144],[-1.187319,46.741336],[-1.188264,46.742306],[-1.190045,46.743341],[-1.195262,46.744409],[-1.199119,46.746151],[-1.202052,46.748579],[-1.203791,46.749095],[-1.206016,46.749183],[-1.209566,46.750893],[-1.209616,46.751993],[-1.207854,46.75708],[-1.200353,46.765213],[-1.200055,46.765485],[-1.195165,46.764128],[-1.187343,46.760725],[-1.184826,46.759177],[-1.185128,46.758945],[-1.174246,46.752921],[-1.172093,46.753174],[-1.157842,46.74714],[-1.153559,46.746056],[-1.15308,46.744517],[-1.149734,46.74277],[-1.142473,46.737559],[-1.128155,46.728228],[-1.128756,46.727744],[-1.122908,46.72417],[-1.119197,46.719748],[-1.118989,46.717109],[-1.120393,46.716481],[-1.120749,46.715556],[-1.120377,46.714937],[-1.119433,46.714306],[-1.117652,46.713799],[-1.114989,46.714452],[-1.112331,46.714631],[-1.109913,46.713254],[-1.104148,46.711242],[-1.094693,46.706333],[-1.083609,46.698891],[-1.081734,46.698943],[-1.082117,46.697975],[-1.081243,46.697289],[-1.073872,46.692854],[-1.074834,46.69149],[-1.071025,46.690015],[-1.066147,46.687143],[-1.059239,46.683968],[-1.053996,46.67893],[-1.05505,46.678342],[-1.054619,46.678038],[-1.046449,46.675462],[-1.04459,46.675283],[-1.037979,46.673205],[-1.027835,46.669308],[-1.016617,46.667035],[-1.015784,46.667006],[-1.015249,46.667798],[-1.011447,46.666796],[-0.995004,46.65929],[-0.984723,46.656872],[-0.975474,46.652152],[-0.97095,46.650273],[-0.969916,46.650171],[-0.96952,46.649378],[-0.960545,46.645498],[-0.955995,46.64411],[-0.95525,46.645219],[-0.95447,46.645021],[-0.946275,46.641225],[-0.933576,46.634684],[-0.929409,46.63203],[-0.916203,46.625911],[-0.901529,46.618186],[-0.894426,46.614793],[-0.88522,46.610918],[-0.884711,46.610208],[-0.880802,46.608452],[-0.888896,46.602612],[-0.832769,46.571095],[-0.821767,46.551656],[-0.845326,46.546365],[-0.84835,46.546454],[-0.848982,46.547121],[-0.849455,46.547153],[-0.852095,46.546777],[-0.8547,46.546976],[-0.859074,46.548069],[-0.860976,46.549405],[-0.856074,46.552131],[-0.855212,46.552106],[-0.853975,46.551551],[-0.851048,46.551822],[-0.849334,46.551289],[-0.849028,46.550636],[-0.848274,46.550213],[-0.844641,46.549383],[-0.841487,46.549773],[-0.839543,46.550365],[-0.835742,46.55245],[-0.834896,46.553426],[-0.835318,46.556835],[-0.836854,46.557738],[-0.838679,46.557771],[-0.845492,46.554807],[-0.848344,46.554309],[-0.848804,46.553931],[-0.849285,46.553917],[-0.851162,46.554923],[-0.855121,46.552813],[-0.856304,46.553208],[-0.856408,46.554326],[-0.855873,46.555025],[-0.855757,46.556624],[-0.854458,46.557496],[-0.854178,46.558355],[-0.855191,46.558351],[-0.855475,46.558935],[-0.856775,46.559844],[-0.856498,46.565689],[-0.85493,46.56766],[-0.854676,46.568595],[-0.855177,46.57008],[-0.856467,46.570899],[-0.857511,46.571061],[-0.860485,46.571142],[-0.86212,46.570619],[-0.863244,46.569964],[-0.863696,46.568963],[-0.863016,46.568491],[-0.86461,46.56697],[-0.864623,46.565616],[-0.865884,46.564435],[-0.866548,46.565805],[-0.865894,46.566954],[-0.866355,46.567828],[-0.864758,46.568001],[-0.863809,46.568964],[-0.864633,46.570656],[-0.86627,46.571301],[-0.868913,46.57032],[-0.874773,46.56959],[-0.878517,46.56798],[-0.879423,46.567248],[-0.879187,46.566248],[-0.877547,46.565306],[-0.877058,46.564658],[-0.877786,46.562582],[-0.877046,46.561154],[-0.879649,46.558613],[-0.880606,46.558158],[-0.879635,46.55728],[-0.87971,46.556826],[-0.873737,46.553656],[-0.873813,46.553269],[-0.876587,46.553296],[-0.877674,46.55382],[-0.879166,46.553953],[-0.880238,46.554393],[-0.882578,46.556362],[-0.883596,46.556689],[-0.886605,46.556325],[-0.890361,46.55797],[-0.892566,46.557957],[-0.89352,46.557297],[-0.894318,46.557979],[-0.896137,46.558294],[-0.900535,46.55767],[-0.909342,46.554022],[-0.911278,46.553861],[-0.913399,46.554248],[-0.914866,46.55345],[-0.916878,46.553579],[-0.917775,46.552455],[-0.920959,46.554426],[-0.921403,46.554231],[-0.920925,46.553698],[-0.921185,46.553062],[-0.921869,46.553061],[-0.922885,46.553828],[-0.923473,46.553812],[-0.924504,46.553134],[-0.925424,46.554704],[-0.925797,46.55467],[-0.927635,46.553888],[-0.930246,46.553964],[-0.930999,46.552608],[-0.933242,46.552894],[-0.93488,46.551292],[-0.939826,46.549421],[-0.94463,46.549311],[-0.946668,46.548816],[-0.951475,46.548285],[-0.953694,46.548473],[-0.953815,46.548855],[-0.951568,46.549775],[-0.951,46.550773],[-0.950136,46.549909],[-0.948746,46.549938],[-0.946142,46.550967],[-0.943836,46.55121],[-0.942546,46.551855],[-0.942393,46.553043],[-0.94325,46.554198],[-0.943588,46.556863],[-0.94494,46.55842],[-0.947572,46.560206],[-0.946958,46.560509],[-0.94511,46.559185],[-0.943251,46.559432],[-0.942222,46.560025],[-0.942511,46.562371],[-0.943297,46.564426],[-0.942288,46.565921],[-0.939735,46.566681],[-0.938736,46.56752],[-0.939828,46.569004],[-0.940017,46.572051],[-0.940559,46.572918],[-0.941067,46.572986],[-0.941427,46.572393],[-0.943636,46.571348],[-0.944105,46.570065],[-0.945889,46.568903],[-0.946638,46.566338],[-0.947994,46.564473],[-0.954035,46.561503],[-0.955085,46.560527],[-0.965506,46.559595],[-0.967097,46.558932],[-0.971041,46.556185],[-0.971436,46.556608],[-0.970239,46.558494],[-0.969479,46.559473],[-0.966886,46.561506],[-0.965193,46.561947],[-0.96285,46.561905],[-0.961987,46.562191],[-0.961176,46.562946],[-0.960886,46.564191],[-0.96012,46.564222],[-0.959302,46.562949],[-0.957598,46.562521],[-0.950752,46.565301],[-0.949934,46.566385],[-0.949141,46.568776],[-0.946696,46.570242],[-0.946009,46.571014],[-0.94588,46.571421],[-0.946723,46.572414],[-0.946711,46.573682],[-0.944952,46.575331],[-0.943793,46.578536],[-0.942162,46.578166],[-0.941292,46.578381],[-0.939839,46.577191],[-0.936674,46.575767],[-0.935199,46.576113],[-0.93507,46.577452],[-0.936079,46.579667],[-0.936778,46.579791],[-0.938337,46.579121],[-0.938963,46.579269],[-0.939778,46.579969],[-0.939346,46.580454],[-0.940804,46.58206],[-0.941664,46.582111],[-0.942943,46.581501],[-0.943749,46.581459],[-0.944256,46.581762],[-0.944046,46.582225],[-0.944955,46.584311],[-0.946468,46.584537],[-0.948973,46.585435],[-0.948737,46.586059],[-0.947209,46.586805],[-0.94657,46.587645],[-0.949434,46.588556],[-0.949196,46.589594],[-0.949664,46.590195],[-0.950389,46.59027],[-0.952138,46.589716],[-0.954438,46.589431],[-0.954815,46.590726],[-0.956347,46.590648],[-0.957532,46.591703],[-0.958068,46.594112],[-0.9577,46.59467],[-0.956223,46.594663],[-0.955558,46.593791],[-0.954119,46.593346],[-0.95291,46.593782],[-0.952929,46.595339],[-0.953949,46.596181],[-0.954419,46.597601],[-0.95649,46.597983],[-0.958744,46.598849],[-0.960621,46.59843],[-0.962113,46.596773],[-0.962773,46.596855],[-0.963922,46.59774],[-0.965197,46.597577],[-0.967394,46.595722],[-0.969836,46.594854],[-0.970438,46.594181],[-0.970274,46.593767],[-0.969214,46.593303],[-0.966897,46.593442],[-0.966478,46.593738],[-0.965585,46.593449],[-0.966466,46.591895],[-0.967864,46.590325],[-0.968645,46.589956],[-0.969041,46.588177],[-0.970454,46.58765],[-0.971213,46.587738],[-0.971461,46.58982],[-0.971984,46.590325],[-0.972591,46.590332],[-0.973973,46.589635],[-0.976065,46.589362],[-0.977203,46.58855],[-0.979242,46.587865],[-0.980331,46.586996],[-0.983689,46.585901],[-0.985601,46.584625],[-0.987642,46.583791],[-0.989563,46.582001],[-0.990063,46.579704],[-0.989542,46.579456],[-0.986924,46.580419],[-0.986176,46.578093],[-0.988674,46.576316],[-0.988821,46.575539],[-0.989954,46.574619],[-0.989881,46.573901],[-0.988919,46.572623],[-0.98977,46.569163],[-0.989563,46.567368],[-0.988339,46.567341],[-0.984403,46.57002],[-0.981141,46.571581],[-0.979156,46.571942],[-0.978249,46.572547],[-0.977959,46.57342],[-0.979774,46.575411],[-0.979589,46.576637],[-0.97904,46.576959],[-0.978611,46.576839],[-0.977864,46.575391],[-0.976923,46.574857],[-0.97616,46.575026],[-0.975353,46.575914],[-0.973708,46.576257],[-0.973037,46.57608],[-0.973054,46.575136],[-0.974448,46.572923],[-0.974453,46.572457],[-0.973525,46.571755],[-0.970589,46.571815],[-0.969394,46.57226],[-0.96501,46.578326],[-0.964365,46.579988],[-0.959279,46.584807],[-0.958194,46.58505],[-0.956923,46.586027],[-0.955678,46.586176],[-0.954905,46.58718],[-0.953899,46.587781],[-0.953537,46.5876],[-0.953692,46.586812],[-0.954343,46.586467],[-0.956014,46.584232],[-0.95737,46.583754],[-0.958517,46.582343],[-0.958604,46.58149],[-0.958256,46.58132],[-0.956371,46.581705],[-0.955004,46.581234],[-0.952736,46.581583],[-0.952397,46.58112],[-0.952865,46.57942],[-0.95495,46.578178],[-0.957816,46.578399],[-0.959525,46.577827],[-0.960916,46.576758],[-0.963777,46.575408],[-0.966444,46.572611],[-0.970127,46.57046],[-0.97299,46.56972],[-0.977151,46.570119],[-0.981452,46.569363],[-0.985493,46.566667],[-0.988464,46.565484],[-0.991349,46.563057],[-0.991918,46.564575],[-0.991578,46.56617],[-0.992074,46.569695],[-0.991765,46.571939],[-0.992611,46.573616],[-0.990717,46.576526],[-0.991126,46.578732],[-0.991661,46.579576],[-0.991254,46.582114],[-0.990437,46.583191],[-0.9898,46.58633],[-0.988787,46.588733],[-0.988151,46.589343],[-0.986974,46.589949],[-0.985274,46.590161],[-0.982782,46.591132],[-0.975335,46.59611],[-0.975057,46.59685],[-0.974285,46.597374],[-0.974242,46.597927],[-0.975613,46.598795],[-0.976706,46.599069],[-0.977184,46.600584],[-0.980079,46.601019],[-0.985488,46.600362],[-0.985674,46.599731],[-0.983452,46.598803],[-0.984177,46.598356],[-0.985577,46.598149],[-0.988767,46.596523],[-0.988934,46.595588],[-0.987717,46.593429],[-0.988249,46.592431],[-0.998856,46.585142],[-1.001266,46.58292],[-1.001716,46.58299],[-1.00206,46.583754],[-0.999632,46.587049],[-1.000337,46.588134],[-1.002161,46.589233],[-1.003776,46.589613],[-1.005803,46.589615],[-1.007029,46.589164],[-1.007128,46.588225],[-1.00803,46.587012],[-1.007569,46.586283],[-1.008183,46.584058],[-1.009283,46.582475],[-1.010429,46.583511],[-1.011022,46.585855],[-1.01085,46.587551],[-1.01125,46.589826],[-1.010675,46.591047],[-1.010031,46.591433],[-1.012745,46.595802],[-1.012854,46.597656],[-1.011972,46.599299],[-1.011865,46.600524],[-1.010398,46.601506],[-1.010508,46.603045],[-1.011656,46.604893],[-1.011535,46.605923],[-1.012546,46.606261],[-1.014821,46.60609],[-1.019873,46.602844],[-1.018323,46.60211],[-1.018373,46.600848],[-1.019184,46.600712],[-1.019987,46.600949],[-1.020797,46.600721],[-1.022265,46.59968],[-1.02322,46.596898],[-1.024715,46.596138],[-1.025466,46.595092],[-1.026302,46.594725],[-1.027497,46.592616],[-1.029205,46.591231],[-1.030602,46.589062],[-1.032576,46.587153],[-1.03376,46.587339],[-1.035458,46.588662],[-1.034411,46.591714],[-1.034005,46.597145],[-1.037096,46.600647],[-1.040435,46.60304],[-1.043751,46.603309],[-1.04552,46.602975],[-1.048416,46.600889],[-1.050866,46.60022],[-1.053296,46.600049],[-1.055569,46.598349],[-1.056922,46.598329],[-1.056557,46.597624],[-1.054155,46.596417],[-1.054049,46.595909],[-1.055055,46.59535],[-1.057984,46.594691],[-1.058143,46.593679],[-1.057548,46.592045],[-1.056622,46.591343],[-1.05469,46.590723],[-1.05323,46.588994],[-1.05529,46.58568],[-1.058707,46.582336],[-1.058359,46.578465],[-1.056525,46.574557],[-1.057374,46.571385],[-1.059312,46.571122],[-1.061926,46.571326],[-1.067014,46.572383],[-1.07686,46.577403],[-1.079055,46.578135],[-1.081094,46.57826],[-1.086012,46.578097],[-1.087448,46.577693],[-1.086945,46.576792],[-1.087266,46.576348],[-1.090832,46.575378],[-1.092856,46.573442],[-1.095683,46.572423],[-1.100413,46.571456],[-1.102783,46.57183],[-1.103624,46.571575],[-1.104604,46.571904],[-1.104213,46.572636],[-1.104712,46.572697],[-1.105904,46.573699],[-1.108105,46.57388],[-1.108302,46.574514],[-1.107945,46.575378],[-1.108384,46.576465],[-1.110744,46.578546],[-1.111144,46.578368],[-1.110613,46.576319],[-1.111079,46.573795],[-1.112703,46.572251],[-1.117883,46.570475],[-1.119604,46.568538],[-1.119734,46.566816],[-1.123292,46.563811],[-1.128046,46.561847],[-1.132645,46.560777],[-1.136683,46.560298],[-1.140628,46.558588],[-1.14061,46.55797],[-1.141033,46.55768],[-1.142519,46.557925],[-1.144427,46.557049],[-1.147522,46.554251],[-1.147898,46.552873],[-1.148442,46.552329],[-1.147983,46.551035],[-1.149262,46.549674],[-1.14981,46.548264],[-1.15052,46.547735],[-1.15274,46.547469],[-1.155409,46.546552],[-1.158474,46.546292],[-1.161584,46.545611],[-1.164856,46.544569],[-1.167489,46.545724],[-1.169569,46.545775],[-1.172473,46.545145],[-1.173521,46.544266],[-1.176771,46.543144],[-1.181503,46.542788],[-1.185104,46.541639],[-1.187665,46.541521],[-1.189232,46.540331],[-1.193881,46.538904],[-1.195415,46.537978],[-1.195709,46.536856],[-1.194852,46.534551],[-1.195591,46.53423],[-1.199716,46.53378],[-1.201205,46.533187],[-1.204557,46.533657],[-1.205974,46.533615],[-1.207299,46.533191],[-1.208122,46.531805],[-1.209664,46.531447],[-1.210535,46.530111],[-1.212329,46.528549],[-1.215167,46.527477],[-1.216352,46.528336],[-1.218342,46.52749],[-1.221639,46.52664],[-1.225665,46.526099],[-1.231368,46.526605],[-1.234215,46.526027],[-1.23645,46.524237],[-1.239769,46.52379],[-1.243808,46.524555],[-1.248231,46.524765],[-1.250673,46.523927],[-1.25195,46.522025],[-1.253747,46.52043],[-1.256885,46.52118],[-1.26005,46.52278],[-1.261191,46.525367],[-1.261067,46.526661],[-1.261551,46.526956],[-1.262482,46.52672],[-1.263874,46.525739],[-1.264875,46.523821],[-1.265448,46.523431],[-1.26579,46.523645],[-1.265582,46.524832],[-1.268603,46.525718],[-1.27133,46.525753],[-1.273039,46.526349],[-1.275286,46.52613],[-1.278953,46.526945],[-1.281211,46.526844],[-1.282426,46.526605],[-1.28481,46.525518],[-1.286595,46.525178],[-1.287722,46.524192],[-1.290189,46.523406],[-1.29221,46.522207],[-1.294233,46.519522],[-1.296259,46.518227],[-1.299008,46.515782],[-1.301189,46.514607],[-1.307375,46.514504],[-1.312814,46.515029],[-1.316603,46.515081],[-1.322057,46.514789],[-1.325577,46.51316],[-1.327906,46.511577],[-1.328289,46.509986],[-1.330157,46.508647],[-1.330248,46.508004],[-1.327728,46.507806],[-1.325876,46.508197],[-1.324531,46.507905],[-1.321117,46.507925],[-1.320933,46.507644],[-1.321482,46.506724],[-1.317983,46.503502],[-1.318443,46.502532],[-1.318107,46.501728],[-1.319095,46.500275],[-1.322441,46.499154],[-1.323992,46.499154],[-1.325472,46.498735],[-1.327437,46.499205],[-1.328069,46.499507],[-1.328693,46.50048],[-1.329402,46.500678],[-1.32707,46.502991],[-1.328393,46.503164],[-1.331448,46.50135],[-1.331506,46.499835],[-1.329592,46.498372],[-1.329002,46.497266],[-1.329411,46.496865],[-1.331148,46.496983],[-1.334628,46.497679],[-1.335584,46.498434],[-1.337123,46.498521],[-1.33753,46.499001],[-1.338419,46.499119],[-1.339061,46.499866],[-1.339022,46.500883],[-1.338452,46.501412],[-1.337375,46.501519],[-1.337449,46.501866],[-1.338942,46.502299],[-1.33969,46.502005],[-1.340593,46.502149],[-1.341007,46.501688],[-1.341952,46.501871],[-1.342407,46.500505],[-1.342968,46.500179],[-1.343808,46.500449],[-1.344127,46.501346],[-1.344457,46.501263],[-1.345945,46.499024],[-1.346634,46.498596],[-1.347802,46.498286],[-1.350217,46.498239],[-1.352269,46.497353],[-1.354329,46.497014],[-1.354563,46.496435],[-1.353607,46.495608],[-1.352195,46.495674],[-1.35186,46.495295],[-1.353863,46.492249],[-1.354134,46.488585],[-1.357141,46.4864],[-1.356871,46.485371],[-1.354823,46.484951],[-1.354414,46.484496],[-1.356913,46.481699],[-1.357316,46.479844],[-1.354282,46.481461],[-1.350797,46.483924],[-1.349127,46.482697],[-1.348683,46.481064],[-1.35082,46.478159],[-1.352551,46.477088],[-1.353457,46.475863],[-1.35561,46.469668],[-1.356627,46.468059],[-1.361012,46.465662],[-1.364049,46.465629],[-1.3709,46.468029],[-1.374933,46.468221],[-1.390046,46.466342],[-1.392966,46.465665],[-1.39364,46.465321],[-1.394418,46.464084],[-1.396131,46.460396],[-1.398085,46.458924],[-1.404141,46.457246],[-1.405755,46.456445],[-1.410594,46.452707],[-1.414416,46.450928],[-1.414594,46.449603],[-1.415474,46.44841],[-1.417041,46.447705],[-1.417951,46.446607]]],[[[-0.844717,46.628101],[-0.850816,46.627831],[-0.851383,46.62877],[-0.851098,46.62958],[-0.851374,46.630029],[-0.852825,46.629302],[-0.854575,46.629424],[-0.856121,46.630297],[-0.856195,46.631551],[-0.855854,46.632819],[-0.855305,46.63335],[-0.858007,46.634132],[-0.858741,46.635311],[-0.861087,46.635002],[-0.862179,46.634303],[-0.869418,46.63611],[-0.870149,46.636542],[-0.870704,46.636326],[-0.870858,46.636616],[-0.872027,46.636487],[-0.871863,46.636887],[-0.875789,46.636736],[-0.877715,46.637024],[-0.878509,46.637803],[-0.878167,46.640521],[-0.879954,46.640527],[-0.88194,46.641423],[-0.882329,46.641243],[-0.883884,46.642689],[-0.883128,46.643102],[-0.881016,46.642746],[-0.880331,46.643085],[-0.880967,46.643582],[-0.881897,46.643754],[-0.886008,46.643888],[-0.886523,46.644956],[-0.88761,46.645871],[-0.887637,46.64781],[-0.888111,46.64831],[-0.888928,46.648278],[-0.890084,46.647406],[-0.890793,46.647465],[-0.89214,46.648752],[-0.893622,46.648668],[-0.89491,46.649486],[-0.896137,46.649562],[-0.898471,46.650489],[-0.89899,46.652212],[-0.903358,46.651802],[-0.907975,46.653014],[-0.910431,46.653354],[-0.91276,46.654742],[-0.913515,46.656627],[-0.914686,46.657661],[-0.915354,46.65766],[-0.916749,46.656997],[-0.918637,46.658086],[-0.91993,46.658457],[-0.920633,46.659245],[-0.922253,46.658737],[-0.923345,46.658861],[-0.926732,46.66181],[-0.929609,46.662385],[-0.93124,46.661843],[-0.935942,46.661553],[-0.936451,46.661226],[-0.937876,46.658468],[-0.939412,46.659256],[-0.942642,46.661849],[-0.956783,46.667675],[-0.960501,46.668712],[-0.969319,46.670287],[-0.96868,46.671354],[-0.958126,46.674309],[-0.952025,46.677909],[-0.942314,46.678281],[-0.941387,46.678985],[-0.942147,46.679724],[-0.948096,46.680793],[-0.950045,46.681458],[-0.953472,46.681447],[-0.956751,46.682989],[-0.958952,46.682968],[-0.96137,46.684375],[-0.963664,46.684622],[-0.965351,46.684156],[-0.967275,46.682259],[-0.972448,46.681591],[-0.97563,46.679633],[-0.978324,46.678654],[-0.982809,46.675915],[-0.983804,46.676212],[-0.983922,46.676781],[-0.982939,46.678353],[-0.983711,46.680103],[-0.984336,46.683515],[-0.986027,46.684734],[-0.988746,46.688607],[-0.988604,46.691212],[-0.991323,46.697101],[-0.990494,46.699615],[-0.991123,46.701442],[-0.991887,46.701818],[-0.992687,46.701716],[-0.994473,46.700615],[-0.995836,46.698822],[-0.99786,46.697524],[-0.998222,46.696057],[-0.999976,46.694673],[-0.999863,46.693062],[-1.002294,46.692185],[-1.002257,46.691588],[-1.000573,46.690025],[-1.000368,46.689286],[-1.00128,46.688798],[-1.002642,46.68933],[-1.005672,46.691299],[-1.005991,46.692433],[-1.002837,46.69547],[-1.001776,46.69922],[-1.00252,46.702086],[-1.000736,46.704428],[-1.001032,46.705514],[-1.001744,46.706247],[-1.003863,46.70707],[-1.004701,46.707815],[-1.00583,46.707904],[-1.008282,46.709878],[-1.010297,46.710019],[-1.012638,46.710827],[-1.013862,46.710824],[-1.016112,46.708789],[-1.016038,46.707586],[-1.017035,46.705986],[-1.016813,46.704822],[-1.014498,46.702631],[-1.013331,46.700061],[-1.014555,46.700424],[-1.019877,46.705812],[-1.021904,46.70598],[-1.026451,46.708503],[-1.026453,46.709966],[-1.028571,46.711853],[-1.029575,46.713431],[-1.029564,46.714678],[-1.028941,46.715561],[-1.029328,46.717171],[-1.028751,46.717669],[-1.02462,46.718023],[-1.022914,46.718857],[-1.021215,46.718992],[-1.020435,46.719634],[-1.017405,46.719622],[-1.016722,46.720576],[-1.016809,46.721188],[-1.018019,46.723733],[-1.017649,46.72409],[-1.017501,46.725573],[-1.016515,46.726089],[-1.016505,46.726537],[-1.019044,46.72872],[-1.027293,46.731497],[-1.034541,46.735369],[-1.037058,46.735979],[-1.039863,46.735316],[-1.041825,46.735327],[-1.043557,46.736064],[-1.045774,46.736516],[-1.049156,46.738267],[-1.052534,46.739551],[-1.058162,46.740181],[-1.061267,46.741327],[-1.061859,46.740825],[-1.061857,46.73979],[-1.060562,46.738356],[-1.061636,46.738029],[-1.064174,46.738699],[-1.065321,46.741064],[-1.074507,46.74428],[-1.079714,46.74473],[-1.080604,46.745273],[-1.08413,46.746345],[-1.082741,46.747713],[-1.082868,46.748542],[-1.08361,46.749145],[-1.085562,46.749188],[-1.086186,46.749951],[-1.086167,46.749303],[-1.086803,46.748948],[-1.089655,46.748636],[-1.091465,46.747919],[-1.094291,46.745959],[-1.097743,46.74539],[-1.099708,46.744212],[-1.100862,46.74392],[-1.101214,46.744918],[-1.101888,46.745396],[-1.102996,46.745819],[-1.105744,46.745851],[-1.106365,46.746461],[-1.107643,46.746938],[-1.113949,46.745374],[-1.116281,46.745419],[-1.119321,46.746126],[-1.123097,46.745327],[-1.124472,46.746028],[-1.125228,46.747435],[-1.12909,46.748716],[-1.129685,46.74839],[-1.12951,46.747069],[-1.130061,46.746442],[-1.131154,46.746049],[-1.133643,46.74818],[-1.13383,46.75027],[-1.13437,46.750668],[-1.136849,46.750487],[-1.139695,46.751008],[-1.140567,46.750975],[-1.141766,46.750416],[-1.142984,46.750563],[-1.147499,46.752679],[-1.147414,46.753335],[-1.146208,46.754185],[-1.145858,46.755141],[-1.147208,46.755593],[-1.148196,46.758985],[-1.149532,46.760099],[-1.150474,46.760133],[-1.151435,46.759678],[-1.155271,46.756634],[-1.157458,46.756392],[-1.160589,46.757057],[-1.162367,46.758255],[-1.163899,46.758779],[-1.165906,46.760206],[-1.166546,46.761101],[-1.17097,46.761309],[-1.171987,46.761846],[-1.170797,46.762733],[-1.170975,46.763516],[-1.180031,46.767549],[-1.18185,46.768637],[-1.1825,46.770389],[-1.181262,46.770382],[-1.177749,46.769382],[-1.177093,46.768954],[-1.175829,46.76909],[-1.174248,46.769712],[-1.171591,46.770087],[-1.170442,46.770626],[-1.169015,46.772404],[-1.166812,46.772753],[-1.160599,46.772317],[-1.15931,46.772647],[-1.158853,46.774464],[-1.161663,46.776015],[-1.165167,46.776867],[-1.167371,46.777099],[-1.170484,46.776877],[-1.172039,46.777746],[-1.171881,46.780126],[-1.172503,46.781097],[-1.174483,46.782502],[-1.18008,46.783967],[-1.18342,46.783864],[-1.181724,46.785021],[-1.179281,46.788762],[-1.178792,46.791922],[-1.179799,46.79551],[-1.179769,46.797265],[-1.178452,46.799991],[-1.17726,46.801413],[-1.175824,46.802304],[-1.172926,46.803158],[-1.168816,46.803284],[-1.146199,46.799888],[-1.141021,46.798731],[-1.135966,46.798219],[-1.135191,46.798405],[-1.132256,46.800493],[-1.129363,46.804029],[-1.125617,46.807752],[-1.124738,46.809393],[-1.124971,46.811188],[-1.123865,46.812769],[-1.12244,46.813659],[-1.120008,46.814183],[-1.114405,46.814163],[-1.111665,46.814821],[-1.110327,46.815625],[-1.107308,46.819281],[-1.103076,46.82266],[-1.100914,46.824951],[-1.097888,46.826257],[-1.094637,46.826094],[-1.092706,46.825649],[-1.086751,46.821754],[-1.084837,46.821155],[-1.081328,46.821252],[-1.079159,46.822235],[-1.076752,46.823998],[-1.074586,46.824584],[-1.07282,46.824655],[-1.068181,46.823716],[-1.063856,46.821096],[-1.06217,46.820966],[-1.059939,46.821996],[-1.056765,46.821576],[-1.053782,46.82069],[-1.05185,46.820623],[-1.050402,46.821377],[-1.046762,46.825027],[-1.040764,46.829398],[-1.039281,46.829603],[-1.03293,46.828339],[-1.022442,46.828008],[-1.017876,46.826332],[-1.015411,46.825937],[-1.014467,46.826371],[-1.010447,46.829873],[-1.008612,46.830533],[-1.006723,46.831803],[-1.003365,46.834997],[-1.00207,46.83571],[-0.997423,46.837359],[-0.98737,46.839462],[-0.984474,46.84059],[-0.984051,46.84224],[-0.984291,46.843369],[-0.986173,46.845169],[-0.989036,46.846688],[-0.989517,46.847267],[-0.989383,46.847839],[-0.979963,46.853868],[-0.979608,46.855129],[-0.978249,46.856744],[-0.978023,46.858596],[-0.975823,46.859767],[-0.974824,46.861235],[-0.975285,46.862531],[-0.977383,46.864189],[-0.97733,46.865277],[-0.976838,46.865826],[-0.973448,46.866615],[-0.972502,46.867464],[-0.969101,46.872575],[-0.966637,46.874594],[-0.965604,46.877226],[-0.965069,46.877727],[-0.963591,46.878238],[-0.962548,46.879869],[-0.96314,46.880963],[-0.964604,46.881268],[-0.96584,46.882812],[-0.966547,46.882968],[-0.967301,46.88264],[-0.968287,46.88266],[-0.968387,46.883851],[-0.970176,46.884533],[-0.970349,46.88628],[-0.972885,46.887595],[-0.972075,46.889386],[-0.972764,46.891286],[-0.962587,46.893167],[-0.960138,46.893281],[-0.958008,46.892819],[-0.954868,46.894351],[-0.953522,46.894651],[-0.948226,46.894803],[-0.947402,46.894656],[-0.946075,46.89382],[-0.942863,46.893489],[-0.940048,46.892111],[-0.935112,46.891937],[-0.935766,46.889739],[-0.935397,46.888417],[-0.933497,46.886761],[-0.929652,46.885069],[-0.928435,46.882115],[-0.926901,46.881492],[-0.925051,46.881968],[-0.921858,46.881708],[-0.911215,46.88337],[-0.907911,46.88476],[-0.906397,46.884902],[-0.904445,46.884551],[-0.903612,46.883594],[-0.905039,46.880483],[-0.904866,46.879119],[-0.90373,46.877243],[-0.901926,46.875862],[-0.901575,46.874828],[-0.903998,46.869915],[-0.903122,46.869336],[-0.895144,46.86678],[-0.894424,46.864855],[-0.8944,46.861371],[-0.893724,46.859951],[-0.8931,46.856771],[-0.890798,46.855153],[-0.889046,46.854391],[-0.888058,46.854329],[-0.885137,46.856411],[-0.882754,46.857611],[-0.87875,46.85739],[-0.877443,46.856384],[-0.878756,46.854383],[-0.878777,46.853644],[-0.877453,46.852583],[-0.877706,46.851099],[-0.879884,46.847573],[-0.884894,46.845747],[-0.888306,46.846182],[-0.889883,46.845561],[-0.890047,46.845044],[-0.889621,46.844479],[-0.886905,46.843385],[-0.884384,46.838981],[-0.8845,46.837645],[-0.886818,46.835365],[-0.886972,46.834001],[-0.886455,46.833467],[-0.88294,46.832377],[-0.88284,46.831745],[-0.884215,46.829811],[-0.882369,46.82745],[-0.881827,46.827132],[-0.878314,46.82678],[-0.874224,46.825031],[-0.871942,46.821521],[-0.869994,46.820954],[-0.867914,46.819284],[-0.866795,46.818136],[-0.865646,46.81598],[-0.863979,46.814667],[-0.861732,46.814351],[-0.859529,46.814827],[-0.858221,46.812434],[-0.8571,46.811681],[-0.856261,46.810561],[-0.856511,46.80769],[-0.856132,46.807269],[-0.852612,46.806296],[-0.852074,46.80586],[-0.851856,46.803939],[-0.852575,46.801912],[-0.85239,46.797676],[-0.847191,46.79512],[-0.846227,46.792985],[-0.844678,46.791372],[-0.84268,46.791301],[-0.837528,46.7904],[-0.835771,46.789662],[-0.834123,46.787267],[-0.831874,46.785799],[-0.827978,46.78551],[-0.82583,46.784888],[-0.822068,46.783517],[-0.816205,46.780344],[-0.814431,46.779168],[-0.812279,46.776616],[-0.810376,46.775905],[-0.809482,46.775207],[-0.809278,46.773035],[-0.806724,46.77215],[-0.804506,46.770753],[-0.80389,46.76941],[-0.804009,46.768315],[-0.801224,46.765608],[-0.800632,46.765423],[-0.799512,46.765776],[-0.79723,46.76573],[-0.793263,46.766253],[-0.79249,46.766013],[-0.792054,46.763953],[-0.790067,46.762856],[-0.789123,46.763063],[-0.78837,46.76412],[-0.787127,46.764904],[-0.784345,46.765042],[-0.782356,46.764337],[-0.781439,46.764309],[-0.775343,46.765469],[-0.773815,46.764672],[-0.773063,46.762549],[-0.772356,46.762006],[-0.77093,46.761689],[-0.766765,46.763054],[-0.760678,46.763372],[-0.759177,46.763173],[-0.758056,46.762376],[-0.756836,46.760361],[-0.754154,46.758831],[-0.752299,46.756087],[-0.751065,46.755889],[-0.748297,46.756495],[-0.746597,46.756258],[-0.744471,46.755271],[-0.742269,46.752269],[-0.740058,46.750943],[-0.739545,46.748851],[-0.737095,46.745124],[-0.731654,46.741833],[-0.731649,46.739454],[-0.728471,46.736262],[-0.727306,46.733988],[-0.725683,46.733294],[-0.722908,46.73294],[-0.720578,46.73171],[-0.717232,46.731896],[-0.715884,46.731696],[-0.715165,46.731473],[-0.713754,46.730151],[-0.713837,46.728583],[-0.71503,46.726282],[-0.715039,46.72531],[-0.714327,46.724265],[-0.710956,46.722546],[-0.710537,46.721846],[-0.710413,46.718977],[-0.706515,46.714139],[-0.705966,46.711596],[-0.707898,46.707697],[-0.709447,46.706647],[-0.714041,46.705254],[-0.714948,46.704368],[-0.714962,46.703222],[-0.71329,46.701879],[-0.710259,46.700602],[-0.709985,46.700156],[-0.710712,46.699918],[-0.703478,46.697081],[-0.700427,46.696194],[-0.71716,46.682721],[-0.714197,46.671924],[-0.731955,46.648559],[-0.750307,46.656276],[-0.813764,46.641431],[-0.823875,46.631878],[-0.833947,46.628654],[-0.833972,46.629085],[-0.835536,46.62887],[-0.836088,46.628482],[-0.844717,46.628101]]]]},"properties":{"zone_id":"BOCAGE_LAY","libelle":"Bocage - Lay","type_zone":"hydrogeol","ponderations":{"ips":0.15,"debit":0.45,"spi_3":0.4}}},{"type":"Feature","geometry":{"type":"Polygon","coordinates":[[[-1.651939,46.843133],[-1.651242,46.844297],[-1.651604,46.847974],[-1.651006,46.849608],[-1.649001,46.850681],[-1.644432,46.852189],[-1.643215,46.852867],[-1.642347,46.853838],[-1.642336,46.855888],[-1.645063,46.858097],[-1.645332,46.859243],[-1.644841,46.860032],[-1.641717,46.86172],[-1.641383,46.86228],[-1.640413,46.868922],[-1.638466,46.871399],[-1.637169,46.873924],[-1.637489,46.8757],[-1.640313,46.878476],[-1.631883,46.878525],[-1.629786,46.876884],[-1.627219,46.876074],[-1.627458,46.87508],[-1.626401,46.874607],[-1.623472,46.874598],[-1.618758,46.875254],[-1.616435,46.875095],[-1.613559,46.873559],[-1.612262,46.871662],[-1.611345,46.871946],[-1.609579,46.871448],[-1.604724,46.875594],[-1.602189,46.874767],[-1.602876,46.873708],[-1.60182,46.87258],[-1.600703,46.872573],[-1.599946,46.871203],[-1.599127,46.870781],[-1.596786,46.87028],[-1.595,46.870386],[-1.591377,46.869875],[-1.585494,46.868456],[-1.576846,46.864203],[-1.572433,46.864038],[-1.565366,46.86437],[-1.55853,46.862547],[-1.558185,46.862227],[-1.553118,46.862985],[-1.54851,46.860078],[-1.545124,46.863929],[-1.547945,46.865026],[-1.547804,46.865938],[-1.548829,46.866328],[-1.548979,46.866815],[-1.548913,46.867867],[-1.547898,46.86984],[-1.54873,46.871775],[-1.547334,46.871885],[-1.547357,46.872772],[-1.54648,46.873839],[-1.546257,46.874897],[-1.543754,46.87417],[-1.543261,46.874559],[-1.541606,46.874716],[-1.540874,46.875324],[-1.539752,46.87549],[-1.539184,46.876046],[-1.535353,46.874987],[-1.530677,46.874258],[-1.529931,46.873581],[-1.527403,46.872925],[-1.52443,46.874163],[-1.521858,46.875992],[-1.518706,46.876581],[-1.516571,46.877522],[-1.513743,46.880138],[-1.51209,46.880283],[-1.511604,46.879976],[-1.510673,46.880187],[-1.510394,46.879883],[-1.509494,46.880136],[-1.506724,46.880148],[-1.507082,46.880875],[-1.504845,46.881306],[-1.50339,46.880764],[-1.501488,46.881245],[-1.500846,46.883831],[-1.504618,46.887145],[-1.505118,46.889604],[-1.505649,46.889864],[-1.506001,46.890686],[-1.504315,46.890769],[-1.503686,46.890258],[-1.502161,46.892957],[-1.503342,46.893868],[-1.50785,46.893877],[-1.511972,46.895495],[-1.513724,46.897012],[-1.514391,46.898071],[-1.514639,46.898784],[-1.514069,46.900702],[-1.514389,46.901019],[-1.516526,46.902188],[-1.52085,46.903843],[-1.521622,46.904493],[-1.526734,46.905267],[-1.530309,46.907013],[-1.531768,46.90834],[-1.531897,46.908879],[-1.530982,46.909756],[-1.530146,46.909711],[-1.529552,46.910852],[-1.529641,46.911948],[-1.531041,46.912039],[-1.532224,46.911756],[-1.533243,46.91446],[-1.536968,46.915055],[-1.538581,46.916229],[-1.535869,46.918293],[-1.537654,46.920789],[-1.538445,46.920555],[-1.538885,46.921053],[-1.539364,46.920556],[-1.542823,46.922258],[-1.544622,46.923375],[-1.545983,46.925273],[-1.545669,46.925718],[-1.542016,46.926246],[-1.541563,46.925032],[-1.541939,46.923849],[-1.540783,46.922866],[-1.534954,46.924535],[-1.534076,46.924205],[-1.532699,46.924252],[-1.531143,46.922727],[-1.529104,46.922707],[-1.520978,46.929465],[-1.520244,46.931704],[-1.520694,46.932039],[-1.51871,46.934873],[-1.520404,46.93748],[-1.519906,46.937699],[-1.519843,46.94073],[-1.52089,46.941853],[-1.521861,46.941721],[-1.522382,46.941188],[-1.522887,46.941134],[-1.525185,46.942183],[-1.525445,46.943039],[-1.52512,46.945962],[-1.52784,46.945776],[-1.529516,46.946048],[-1.531349,46.944736],[-1.532786,46.944587],[-1.53395,46.944951],[-1.534863,46.947534],[-1.534621,46.948074],[-1.535302,46.949047],[-1.534308,46.949725],[-1.534529,46.950561],[-1.535777,46.951588],[-1.537376,46.952346],[-1.537556,46.953748],[-1.539293,46.955061],[-1.54075,46.955712],[-1.541562,46.95571],[-1.542758,46.956808],[-1.544477,46.957475],[-1.544285,46.958845],[-1.544912,46.959397],[-1.543029,46.961405],[-1.542511,46.962899],[-1.542483,46.964897],[-1.545154,46.967065],[-1.546829,46.967902],[-1.547065,46.968681],[-1.547932,46.969471],[-1.548107,46.971711],[-1.547284,46.973228],[-1.547487,46.973673],[-1.548279,46.974022],[-1.549154,46.973786],[-1.550858,46.974128],[-1.551435,46.974737],[-1.552511,46.974928],[-1.553178,46.975733],[-1.553229,46.977317],[-1.55549,46.978789],[-1.555215,46.980833],[-1.55276,46.981931],[-1.551018,46.985494],[-1.551587,46.989598],[-1.550062,46.992179],[-1.548983,46.99303],[-1.547269,46.995536],[-1.546546,46.997081],[-1.545143,46.998251],[-1.543621,46.998437],[-1.542626,47.000603],[-1.542432,47.002842],[-1.542681,47.003448],[-1.545914,47.00569],[-1.547081,47.007045],[-1.549102,47.007634],[-1.550618,47.008522],[-1.555483,47.014808],[-1.554741,47.015107],[-1.554606,47.016365],[-1.553463,47.016442],[-1.551602,47.018951],[-1.544874,47.018902],[-1.543334,47.018617],[-1.54262,47.018087],[-1.540269,47.017447],[-1.537468,47.021885],[-1.538569,47.023352],[-1.536224,47.02405],[-1.53487,47.024232],[-1.532208,47.023984],[-1.53187,47.023532],[-1.530468,47.023061],[-1.527804,47.0228],[-1.52751,47.023039],[-1.526016,47.022788],[-1.524484,47.023182],[-1.521755,47.025009],[-1.51626,47.026895],[-1.515272,47.028634],[-1.512912,47.030574],[-1.511152,47.033761],[-1.509022,47.034075],[-1.506512,47.037472],[-1.504865,47.038739],[-1.500066,47.040515],[-1.498402,47.040893],[-1.49653,47.040739],[-1.495742,47.041054],[-1.495845,47.041561],[-1.492426,47.042242],[-1.491892,47.041767],[-1.488511,47.040708],[-1.48411,47.039985],[-1.483312,47.038765],[-1.481902,47.037702],[-1.480022,47.034834],[-1.476874,47.033061],[-1.474942,47.032348],[-1.474266,47.0326],[-1.473414,47.031764],[-1.472304,47.03137],[-1.475303,47.029888],[-1.475925,47.029869],[-1.476023,47.02784],[-1.475121,47.021595],[-1.473338,47.016366],[-1.471473,47.013047],[-1.470552,47.006699],[-1.468866,47.001846],[-1.463441,46.997394],[-1.460064,46.992483],[-1.460712,46.990744],[-1.462845,46.989482],[-1.464007,46.989175],[-1.467454,46.989019],[-1.471021,46.987989],[-1.47376,46.987919],[-1.474541,46.988341],[-1.474976,46.988241],[-1.474367,46.987535],[-1.473572,46.987366],[-1.474342,46.987161],[-1.474396,46.986755],[-1.473851,46.986611],[-1.474758,46.985055],[-1.475,46.983322],[-1.475982,46.983023],[-1.476614,46.983145],[-1.476889,46.982076],[-1.476609,46.980841],[-1.475493,46.980161],[-1.475163,46.979423],[-1.473777,46.979017],[-1.473336,46.978238],[-1.473311,46.977796],[-1.47407,46.977284],[-1.47337,46.97675],[-1.473711,46.975986],[-1.47327,46.975784],[-1.473217,46.974665],[-1.472609,46.974267],[-1.472943,46.97373],[-1.472619,46.973176],[-1.473558,46.97263],[-1.473693,46.972144],[-1.472419,46.970749],[-1.472202,46.969912],[-1.472645,46.96966],[-1.472049,46.96938],[-1.472394,46.968518],[-1.472133,46.96802],[-1.471676,46.968012],[-1.471416,46.967481],[-1.470062,46.967423],[-1.469344,46.967101],[-1.469417,46.966667],[-1.468455,46.966054],[-1.468658,46.965306],[-1.468049,46.964684],[-1.466219,46.964584],[-1.465705,46.963926],[-1.4647,46.963651],[-1.46385,46.962865],[-1.463443,46.963303],[-1.461344,46.962377],[-1.461279,46.961241],[-1.459932,46.960601],[-1.45946,46.959986],[-1.460111,46.959601],[-1.459491,46.959198],[-1.459659,46.958152],[-1.459413,46.958031],[-1.458518,46.958543],[-1.458495,46.957902],[-1.457795,46.957476],[-1.458094,46.956644],[-1.458679,46.956402],[-1.457417,46.955007],[-1.457363,46.954457],[-1.458239,46.954039],[-1.457967,46.953079],[-1.458328,46.952198],[-1.459601,46.951536],[-1.460236,46.951658],[-1.461313,46.950797],[-1.461851,46.950919],[-1.462229,46.950571],[-1.462148,46.949663],[-1.462763,46.949272],[-1.462486,46.949027],[-1.463916,46.948658],[-1.463907,46.947605],[-1.464737,46.947279],[-1.465212,46.946124],[-1.465995,46.946003],[-1.467351,46.944619],[-1.467598,46.944005],[-1.465912,46.942271],[-1.467216,46.940245],[-1.467535,46.937959],[-1.469821,46.936212],[-1.471198,46.936408],[-1.471617,46.93622],[-1.471965,46.93557],[-1.471654,46.933746],[-1.471903,46.933089],[-1.469927,46.93199],[-1.469273,46.930785],[-1.466109,46.928613],[-1.466126,46.928229],[-1.463739,46.927762],[-1.462659,46.927333],[-1.462346,46.926866],[-1.460521,46.926345],[-1.459128,46.926599],[-1.458384,46.925993],[-1.456809,46.926328],[-1.45319,46.928349],[-1.451987,46.928439],[-1.448596,46.927892],[-1.448255,46.929277],[-1.447203,46.930212],[-1.442566,46.932348],[-1.44272,46.932821],[-1.436771,46.935267],[-1.430902,46.936455],[-1.430341,46.937366],[-1.427746,46.939385],[-1.425014,46.939472],[-1.423007,46.940971],[-1.413391,46.945351],[-1.408362,46.945505],[-1.403653,46.946377],[-1.404929,46.944479],[-1.406681,46.942865],[-1.405634,46.941995],[-1.397884,46.94024],[-1.396303,46.93929],[-1.392476,46.934751],[-1.390456,46.930937],[-1.387711,46.928973],[-1.385298,46.926517],[-1.384334,46.923416],[-1.3852,46.917598],[-1.384814,46.913636],[-1.383457,46.911681],[-1.376881,46.90539],[-1.375733,46.903549],[-1.375544,46.902537],[-1.376344,46.899991],[-1.379195,46.897762],[-1.380923,46.896962],[-1.384792,46.896183],[-1.388947,46.894533],[-1.391148,46.890495],[-1.394668,46.888277],[-1.39687,46.886146],[-1.392396,46.885171],[-1.391395,46.884601],[-1.390493,46.882561],[-1.389826,46.881974],[-1.387155,46.880853],[-1.386359,46.880108],[-1.38418,46.874226],[-1.381494,46.871533],[-1.381475,46.869239],[-1.380189,46.866935],[-1.375001,46.86504],[-1.372182,46.863596],[-1.368244,46.863195],[-1.364373,46.861593],[-1.363323,46.860826],[-1.362321,46.859205],[-1.363623,46.857636],[-1.36394,46.856365],[-1.363106,46.855365],[-1.360286,46.853921],[-1.358484,46.852163],[-1.355449,46.850583],[-1.355198,46.85002],[-1.355516,46.849435],[-1.356884,46.848576],[-1.36424,46.846642],[-1.367457,46.8446],[-1.367926,46.844014],[-1.366189,46.841928],[-1.364805,46.841089],[-1.362804,46.840507],[-1.349864,46.840767],[-1.347079,46.840399],[-1.344428,46.839665],[-1.34126,46.838382],[-1.339976,46.837452],[-1.338688,46.834647],[-1.338661,46.832191],[-1.337094,46.831122],[-1.333025,46.830952],[-1.329074,46.831763],[-1.326785,46.83194],[-1.325221,46.83198],[-1.324426,46.831618],[-1.323339,46.830121],[-1.323166,46.825975],[-1.321944,46.824181],[-1.320078,46.821614],[-1.317496,46.819133],[-1.316796,46.818595],[-1.313813,46.817526],[-1.312097,46.816153],[-1.310017,46.812537],[-1.310671,46.809204],[-1.305592,46.804142],[-1.300196,46.801733],[-1.295465,46.797451],[-1.294539,46.796999],[-1.291834,46.796775],[-1.287614,46.797235],[-1.286761,46.797059],[-1.28573,46.796228],[-1.284107,46.794408],[-1.28315,46.794205],[-1.276728,46.794683],[-1.271407,46.792649],[-1.269934,46.789986],[-1.269492,46.785732],[-1.268718,46.784084],[-1.26599,46.781016],[-1.26319,46.778902],[-1.261782,46.777223],[-1.26108,46.77476],[-1.261052,46.772524],[-1.25976,46.769651],[-1.262201,46.76507],[-1.262805,46.762897],[-1.261672,46.759422],[-1.259625,46.757091],[-1.256096,46.756446],[-1.253225,46.756408],[-1.251651,46.755809],[-1.247664,46.753485],[-1.242704,46.751839],[-1.237645,46.749649],[-1.232397,46.749415],[-1.223913,46.748447],[-1.221983,46.748915],[-1.214563,46.749268],[-1.212335,46.749711],[-1.209566,46.750893],[-1.206016,46.749183],[-1.203791,46.749095],[-1.202052,46.748579],[-1.199119,46.746151],[-1.195262,46.744409],[-1.190045,46.743341],[-1.187656,46.741735],[-1.187136,46.740144],[-1.187546,46.739524],[-1.188904,46.738782],[-1.192659,46.737771],[-1.194251,46.737015],[-1.198186,46.733077],[-1.19974,46.731968],[-1.201367,46.731477],[-1.203864,46.731769],[-1.208372,46.733635],[-1.211134,46.73432],[-1.2127,46.734356],[-1.217212,46.733662],[-1.220219,46.735505],[-1.221004,46.735569],[-1.223597,46.734968],[-1.225173,46.735186],[-1.227254,46.736568],[-1.228391,46.736716],[-1.229605,46.736084],[-1.23005,46.734365],[-1.228801,46.729234],[-1.228741,46.727481],[-1.229729,46.726547],[-1.234222,46.724704],[-1.237062,46.722621],[-1.238508,46.721029],[-1.2387,46.719754],[-1.238372,46.718764],[-1.238967,46.717953],[-1.240171,46.717979],[-1.245577,46.72014],[-1.247384,46.720229],[-1.254094,46.719633],[-1.255832,46.720197],[-1.259825,46.72497],[-1.267989,46.728401],[-1.270658,46.730931],[-1.274196,46.733128],[-1.275723,46.735475],[-1.276289,46.738976],[-1.277489,46.740666],[-1.278864,46.741332],[-1.283827,46.742522],[-1.285688,46.743775],[-1.290597,46.748141],[-1.292317,46.750933],[-1.294078,46.751949],[-1.295482,46.753257],[-1.296254,46.755531],[-1.297089,46.75599],[-1.301358,46.755902],[-1.303597,46.756208],[-1.304674,46.756567],[-1.307688,46.75874],[-1.308782,46.759075],[-1.309748,46.759011],[-1.311755,46.75823],[-1.317441,46.759266],[-1.32736,46.758899],[-1.329828,46.760016],[-1.335596,46.763996],[-1.337384,46.764224],[-1.339282,46.763821],[-1.342675,46.762089],[-1.346043,46.762063],[-1.348524,46.761576],[-1.351163,46.760721],[-1.354887,46.758698],[-1.357232,46.758163],[-1.361212,46.758892],[-1.364396,46.759891],[-1.366585,46.759943],[-1.368415,46.759619],[-1.371848,46.758321],[-1.37405,46.756148],[-1.374943,46.755681],[-1.376876,46.755498],[-1.381326,46.754201],[-1.383593,46.755079],[-1.388143,46.76007],[-1.390156,46.761741],[-1.393288,46.762581],[-1.395026,46.76267],[-1.397,46.761977],[-1.397951,46.760937],[-1.399062,46.758496],[-1.399973,46.758076],[-1.40373,46.757358],[-1.40661,46.757887],[-1.408734,46.758742],[-1.410858,46.760114],[-1.412028,46.76122],[-1.412837,46.762726],[-1.412387,46.76475],[-1.409405,46.767194],[-1.408774,46.768333],[-1.408438,46.772238],[-1.409163,46.773815],[-1.411058,46.774328],[-1.414836,46.774142],[-1.415766,46.774864],[-1.416327,46.776641],[-1.41846,46.778406],[-1.418571,46.778981],[-1.41754,46.781204],[-1.418769,46.782804],[-1.421773,46.784507],[-1.426757,46.786445],[-1.429344,46.786734],[-1.431059,46.787365],[-1.435339,46.791745],[-1.437569,46.793325],[-1.439432,46.793908],[-1.442033,46.795773],[-1.441265,46.79697],[-1.44132,46.798569],[-1.443462,46.802122],[-1.444671,46.805325],[-1.446227,46.807885],[-1.448436,46.810379],[-1.447853,46.811873],[-1.448898,46.813701],[-1.450031,46.814711],[-1.454313,46.817004],[-1.457529,46.8204],[-1.463347,46.822764],[-1.465017,46.822513],[-1.467768,46.821068],[-1.470505,46.820266],[-1.474493,46.819935],[-1.479029,46.820383],[-1.480231,46.82075],[-1.48138,46.821289],[-1.483448,46.823077],[-1.484264,46.823354],[-1.485399,46.823239],[-1.487051,46.8223],[-1.489019,46.821783],[-1.490437,46.822184],[-1.492037,46.824672],[-1.493488,46.826175],[-1.494319,46.82857],[-1.495055,46.829398],[-1.497741,46.830255],[-1.501058,46.830635],[-1.502058,46.833202],[-1.500406,46.837352],[-1.500872,46.840574],[-1.500688,46.844631],[-1.499286,46.849353],[-1.497935,46.852206],[-1.497482,46.854098],[-1.497751,46.855782],[-1.499751,46.85796],[-1.504438,46.858694],[-1.509362,46.8606],[-1.513365,46.860648],[-1.515735,46.862161],[-1.520107,46.865623],[-1.520209,46.86787],[-1.519176,46.87051],[-1.522232,46.869982],[-1.528559,46.868237],[-1.530914,46.867283],[-1.533033,46.865953],[-1.534183,46.865689],[-1.538608,46.865655],[-1.540611,46.865092],[-1.544665,46.862774],[-1.548004,46.85938],[-1.552143,46.857208],[-1.553141,46.855318],[-1.554175,46.854757],[-1.560818,46.853994],[-1.564606,46.853019],[-1.569279,46.85399],[-1.573919,46.852933],[-1.578374,46.852883],[-1.580911,46.852457],[-1.583313,46.851172],[-1.585098,46.849635],[-1.586196,46.845962],[-1.587174,46.845108],[-1.589909,46.844936],[-1.591761,46.845188],[-1.593562,46.845647],[-1.598455,46.847853],[-1.601776,46.848264],[-1.604446,46.848159],[-1.606077,46.847013],[-1.609413,46.843132],[-1.610787,46.842174],[-1.613654,46.841381],[-1.621007,46.840217],[-1.623022,46.839],[-1.62509,46.838691],[-1.628009,46.839352],[-1.631179,46.838674],[-1.634566,46.839621],[-1.636285,46.839525],[-1.646899,46.836524],[-1.656302,46.835698],[-1.657004,46.83603],[-1.657759,46.837345],[-1.657643,46.837942],[-1.65628,46.839503],[-1.651939,46.843133]]]},"properties":{"zone_id":"BOCAGE_LOGNE_BOULOGNE","libelle":"Bocage - Logne, Boulogne, Ognon et Grand Lieu","type_zone":"hydrogeol","ponderations":{"ips":0.15,"debit":0.45,"spi_3":0.4}}},{"type":"Feature","geometry":{"type":"Polygon","coordinates":[[[-1.403363,46.946432],[-1.399653,46.946869],[-1.397087,46.947792],[-1.395789,46.947343],[-1.392033,46.947045],[-1.389474,46.948031],[-1.388239,46.948874],[-1.384418,46.949891],[-1.380503,46.951448],[-1.376435,46.954696],[-1.373211,46.952121],[-1.371965,46.952427],[-1.371459,46.953673],[-1.370477,46.953904],[-1.37065,46.954503],[-1.369136,46.955122],[-1.369055,46.956253],[-1.367074,46.955844],[-1.366328,46.956244],[-1.367039,46.956719],[-1.366744,46.957053],[-1.364983,46.95694],[-1.363863,46.958103],[-1.363684,46.959321],[-1.364152,46.960072],[-1.365096,46.960621],[-1.367084,46.961046],[-1.367082,46.961705],[-1.367946,46.962221],[-1.368179,46.963135],[-1.369177,46.963785],[-1.369066,46.964498],[-1.368005,46.965204],[-1.368462,46.966148],[-1.366923,46.966237],[-1.366156,46.967546],[-1.364904,46.967422],[-1.364683,46.968693],[-1.365382,46.969134],[-1.364524,46.969806],[-1.362284,46.970768],[-1.361613,46.970561],[-1.360248,46.971173],[-1.359384,46.97092],[-1.358497,46.971193],[-1.357976,46.971612],[-1.358297,46.972113],[-1.357538,46.972617],[-1.357711,46.97372],[-1.358262,46.973855],[-1.359117,46.973583],[-1.360258,46.973965],[-1.360037,46.974224],[-1.36072,46.974589],[-1.359924,46.975483],[-1.359602,46.976812],[-1.358412,46.977503],[-1.359443,46.979302],[-1.359078,46.981272],[-1.360054,46.982228],[-1.360858,46.982267],[-1.361242,46.982772],[-1.361698,46.982672],[-1.361388,46.983887],[-1.363882,46.984548],[-1.364781,46.983875],[-1.366689,46.983544],[-1.367604,46.983704],[-1.369326,46.985768],[-1.369919,46.985713],[-1.370246,46.986012],[-1.370588,46.985758],[-1.371568,46.985757],[-1.372188,46.986208],[-1.372547,46.986055],[-1.373689,46.986462],[-1.374092,46.98687],[-1.373595,46.987263],[-1.37556,46.988446],[-1.375539,46.988998],[-1.376031,46.988974],[-1.376348,46.989802],[-1.37601,46.990231],[-1.377012,46.991191],[-1.377734,46.990855],[-1.378127,46.991474],[-1.376346,46.992702],[-1.376226,46.993198],[-1.375801,46.993014],[-1.37515,46.993438],[-1.374872,46.994366],[-1.373596,46.994489],[-1.372745,46.99425],[-1.371734,46.994883],[-1.37073,46.995038],[-1.369544,46.996197],[-1.368929,46.998716],[-1.368323,46.999193],[-1.368751,46.999944],[-1.368245,47.000291],[-1.368516,47.00096],[-1.367348,47.000941],[-1.365605,47.001706],[-1.364694,47.003504],[-1.362845,47.005227],[-1.363031,47.005792],[-1.365203,47.006997],[-1.365734,47.007744],[-1.364471,47.010438],[-1.364682,47.011108],[-1.366354,47.011904],[-1.366203,47.013148],[-1.366679,47.014453],[-1.366338,47.017751],[-1.367085,47.019718],[-1.369671,47.020463],[-1.370091,47.022508],[-1.372837,47.024816],[-1.376434,47.026973],[-1.377278,47.027961],[-1.378708,47.03102],[-1.378184,47.032021],[-1.376562,47.033291],[-1.374399,47.033797],[-1.372233,47.03309],[-1.370301,47.034202],[-1.367776,47.035037],[-1.36697,47.035982],[-1.366844,47.036836],[-1.367408,47.038281],[-1.367316,47.041015],[-1.366373,47.041839],[-1.363634,47.041261],[-1.361667,47.040043],[-1.359834,47.039562],[-1.357884,47.039432],[-1.35603,47.04028],[-1.352255,47.040706],[-1.348481,47.038891],[-1.34702,47.037766],[-1.344293,47.039294],[-1.34285,47.039386],[-1.341381,47.040063],[-1.341469,47.040376],[-1.343358,47.041036],[-1.345606,47.04308],[-1.345648,47.0459],[-1.34147,47.045312],[-1.340328,47.045896],[-1.338959,47.045527],[-1.33826,47.044692],[-1.335824,47.044576],[-1.335618,47.04387],[-1.336284,47.042156],[-1.334891,47.041067],[-1.333065,47.040863],[-1.332974,47.039959],[-1.332025,47.039043],[-1.330815,47.038794],[-1.329827,47.038925],[-1.329373,47.038591],[-1.328818,47.038905],[-1.328046,47.037424],[-1.327624,47.037256],[-1.326753,47.037255],[-1.32574,47.037723],[-1.324395,47.036594],[-1.32285,47.03666],[-1.322602,47.036156],[-1.321366,47.035998],[-1.321384,47.03536],[-1.320419,47.035221],[-1.320457,47.034526],[-1.316892,47.034641],[-1.315671,47.03387],[-1.31347,47.033567],[-1.309906,47.034599],[-1.307625,47.034097],[-1.305772,47.035125],[-1.305425,47.034861],[-1.301673,47.034537],[-1.301548,47.034219],[-1.30041,47.034288],[-1.300278,47.034882],[-1.299417,47.035022],[-1.297376,47.036105],[-1.296986,47.037699],[-1.294777,47.038687],[-1.29464,47.039479],[-1.296977,47.039945],[-1.296951,47.041299],[-1.295273,47.04084],[-1.286363,47.039895],[-1.28452,47.039458],[-1.280806,47.037206],[-1.276876,47.03242],[-1.275123,47.029059],[-1.271629,47.026109],[-1.26976,47.022198],[-1.267371,47.019167],[-1.266958,47.016197],[-1.266042,47.013936],[-1.267738,47.011931],[-1.267136,47.010393],[-1.265585,47.009305],[-1.257247,47.008324],[-1.253613,47.008995],[-1.248925,47.009149],[-1.245348,47.008497],[-1.240956,47.006426],[-1.238034,47.005606],[-1.222167,47.006372],[-1.219478,47.006313],[-1.217096,47.005917],[-1.215201,47.00513],[-1.213118,47.002916],[-1.212716,47.001745],[-1.213982,46.998134],[-1.21295,46.996377],[-1.205677,46.993239],[-1.204994,46.992764],[-1.20453,46.990955],[-1.204029,46.990563],[-1.199455,46.988525],[-1.197779,46.987391],[-1.196166,46.984497],[-1.195099,46.983905],[-1.191018,46.982849],[-1.189591,46.982009],[-1.188317,46.979954],[-1.182713,46.975726],[-1.180758,46.97531],[-1.175982,46.975502],[-1.172238,46.97378],[-1.16913,46.972847],[-1.1639,46.972909],[-1.157258,46.973722],[-1.151777,46.973482],[-1.15029,46.972963],[-1.149207,46.972123],[-1.148146,46.970083],[-1.146565,46.968472],[-1.145657,46.969185],[-1.140705,46.970215],[-1.136688,46.971401],[-1.132106,46.971931],[-1.129115,46.971592],[-1.127161,46.970945],[-1.125696,46.969798],[-1.123778,46.969118],[-1.116916,46.96321],[-1.112841,46.961332],[-1.111895,46.960311],[-1.111039,46.958038],[-1.111811,46.953989],[-1.111236,46.951616],[-1.109489,46.949663],[-1.102243,46.946369],[-1.100857,46.946072],[-1.096809,46.946089],[-1.090448,46.944517],[-1.0874,46.944328],[-1.083512,46.945299],[-1.079552,46.945615],[-1.073319,46.944006],[-1.068418,46.943638],[-1.066466,46.942652],[-1.062756,46.942598],[-1.061348,46.942116],[-1.058409,46.93878],[-1.055718,46.937572],[-1.050774,46.932788],[-1.047808,46.931368],[-1.040058,46.929909],[-1.038496,46.929166],[-1.034675,46.928182],[-1.03135,46.926523],[-1.030261,46.926336],[-1.02725,46.927487],[-1.025683,46.927317],[-1.025066,46.926915],[-1.024808,46.92613],[-1.023766,46.925698],[-1.018439,46.926898],[-1.01585,46.927029],[-1.009807,46.922123],[-1.007599,46.922065],[-1.003599,46.922479],[-1.001973,46.922021],[-1.00141,46.92113],[-1.002788,46.916656],[-1.001569,46.914075],[-1.000968,46.91163],[-1.001882,46.910427],[-1.003515,46.90968],[-1.003887,46.908842],[-1.001019,46.905174],[-1.000353,46.902897],[-0.999716,46.902618],[-0.999016,46.90276],[-0.99765,46.904163],[-0.996852,46.904408],[-0.994223,46.903908],[-0.99204,46.904187],[-0.989566,46.902709],[-0.989984,46.901459],[-0.989659,46.900777],[-0.987985,46.900442],[-0.98664,46.899718],[-0.985059,46.900039],[-0.984285,46.899664],[-0.981757,46.896461],[-0.979184,46.896257],[-0.973541,46.892134],[-0.972764,46.891286],[-0.972075,46.889386],[-0.972885,46.887595],[-0.970349,46.88628],[-0.970176,46.884533],[-0.968387,46.883851],[-0.968287,46.88266],[-0.967301,46.88264],[-0.966547,46.882968],[-0.96584,46.882812],[-0.964604,46.881268],[-0.96314,46.880963],[-0.962619,46.880389],[-0.962689,46.879392],[-0.963591,46.878238],[-0.965069,46.877727],[-0.965604,46.877226],[-0.966637,46.874594],[-0.969101,46.872575],[-0.972502,46.867464],[-0.973448,46.866615],[-0.976838,46.865826],[-0.97733,46.865277],[-0.977383,46.864189],[-0.975285,46.862531],[-0.974824,46.861235],[-0.975823,46.859767],[-0.978023,46.858596],[-0.978249,46.856744],[-0.979608,46.855129],[-0.979963,46.853868],[-0.989383,46.847839],[-0.989517,46.847267],[-0.989036,46.846688],[-0.986173,46.845169],[-0.984291,46.843369],[-0.984051,46.84224],[-0.984474,46.84059],[-0.98737,46.839462],[-0.997423,46.837359],[-1.00207,46.83571],[-1.003365,46.834997],[-1.006723,46.831803],[-1.008612,46.830533],[-1.010447,46.829873],[-1.014467,46.826371],[-1.015411,46.825937],[-1.016264,46.825938],[-1.021188,46.827687],[-1.02334,46.828121],[-1.03293,46.828339],[-1.039281,46.829603],[-1.040764,46.829398],[-1.046762,46.825027],[-1.050402,46.821377],[-1.05185,46.820623],[-1.053782,46.82069],[-1.056765,46.821576],[-1.059939,46.821996],[-1.06217,46.820966],[-1.063856,46.821096],[-1.068181,46.823716],[-1.07282,46.824655],[-1.074586,46.824584],[-1.076752,46.823998],[-1.079159,46.822235],[-1.081328,46.821252],[-1.084837,46.821155],[-1.086751,46.821754],[-1.092706,46.825649],[-1.094637,46.826094],[-1.097888,46.826257],[-1.100914,46.824951],[-1.103076,46.82266],[-1.107308,46.819281],[-1.110327,46.815625],[-1.111665,46.814821],[-1.114405,46.814163],[-1.120008,46.814183],[-1.12244,46.813659],[-1.123865,46.812769],[-1.124971,46.811188],[-1.124738,46.809393],[-1.125617,46.807752],[-1.129363,46.804029],[-1.132256,46.800493],[-1.135191,46.798405],[-1.135966,46.798219],[-1.141021,46.798731],[-1.146199,46.799888],[-1.157947,46.801501],[-1.166986,46.803153],[-1.172041,46.803258],[-1.174707,46.802701],[-1.176608,46.801866],[-1.177803,46.800912],[-1.179769,46.797265],[-1.179799,46.79551],[-1.178792,46.791922],[-1.178967,46.789788],[-1.181724,46.785021],[-1.18342,46.783864],[-1.185155,46.783575],[-1.188952,46.7818],[-1.194047,46.780785],[-1.197049,46.780864],[-1.200587,46.780239],[-1.206631,46.780439],[-1.207717,46.780914],[-1.208674,46.781731],[-1.208718,46.782405],[-1.210003,46.783212],[-1.212513,46.783924],[-1.21383,46.783969],[-1.215109,46.784593],[-1.215958,46.784265],[-1.215987,46.783521],[-1.216496,46.783242],[-1.218991,46.783083],[-1.220177,46.781383],[-1.220761,46.781063],[-1.22189,46.781037],[-1.222554,46.780169],[-1.222518,46.776512],[-1.221219,46.774551],[-1.220021,46.773512],[-1.219698,46.771568],[-1.220048,46.770433],[-1.219249,46.769636],[-1.215438,46.769834],[-1.208345,46.767546],[-1.200055,46.765485],[-1.207854,46.75708],[-1.209616,46.751993],[-1.209566,46.750893],[-1.212335,46.749711],[-1.214563,46.749268],[-1.221983,46.748915],[-1.223913,46.748447],[-1.232397,46.749415],[-1.237645,46.749649],[-1.242704,46.751839],[-1.247664,46.753485],[-1.251651,46.755809],[-1.253225,46.756408],[-1.25857,46.756755],[-1.260501,46.757784],[-1.261672,46.759422],[-1.262805,46.762897],[-1.262201,46.76507],[-1.25976,46.769651],[-1.261052,46.772524],[-1.26108,46.77476],[-1.261782,46.777223],[-1.26319,46.778902],[-1.26599,46.781016],[-1.268718,46.784084],[-1.269492,46.785732],[-1.269934,46.789986],[-1.271407,46.792649],[-1.276728,46.794683],[-1.28315,46.794205],[-1.284107,46.794408],[-1.28573,46.796228],[-1.286761,46.797059],[-1.287614,46.797235],[-1.291834,46.796775],[-1.294539,46.796999],[-1.295465,46.797451],[-1.300196,46.801733],[-1.305592,46.804142],[-1.310671,46.809204],[-1.310017,46.812537],[-1.312097,46.816153],[-1.313813,46.817526],[-1.316796,46.818595],[-1.317496,46.819133],[-1.320078,46.821614],[-1.321944,46.824181],[-1.323166,46.825975],[-1.323339,46.830121],[-1.324426,46.831618],[-1.325221,46.83198],[-1.326785,46.83194],[-1.329074,46.831763],[-1.333025,46.830952],[-1.337094,46.831122],[-1.338661,46.832191],[-1.338688,46.834647],[-1.339976,46.837452],[-1.34126,46.838382],[-1.344428,46.839665],[-1.347079,46.840399],[-1.349864,46.840767],[-1.362804,46.840507],[-1.365657,46.841562],[-1.367309,46.843072],[-1.367926,46.844014],[-1.366223,46.845584],[-1.363588,46.846879],[-1.356884,46.848576],[-1.355516,46.849435],[-1.355198,46.85002],[-1.355449,46.850583],[-1.358484,46.852163],[-1.360286,46.853921],[-1.363106,46.855365],[-1.36394,46.856365],[-1.363623,46.857636],[-1.362321,46.859205],[-1.363323,46.860826],[-1.364373,46.861593],[-1.368244,46.863195],[-1.372182,46.863596],[-1.375001,46.86504],[-1.380189,46.866935],[-1.381475,46.869239],[-1.381494,46.871533],[-1.38418,46.874226],[-1.386359,46.880108],[-1.387155,46.880853],[-1.389826,46.881974],[-1.390493,46.882561],[-1.391395,46.884601],[-1.392396,46.885171],[-1.39687,46.886146],[-1.394668,46.888277],[-1.391148,46.890495],[-1.388947,46.894533],[-1.384792,46.896183],[-1.380923,46.896962],[-1.379195,46.897762],[-1.376344,46.899991],[-1.375544,46.902537],[-1.375733,46.903549],[-1.376881,46.90539],[-1.383457,46.911681],[-1.384814,46.913636],[-1.3852,46.917598],[-1.384334,46.923416],[-1.385298,46.926517],[-1.387711,46.928973],[-1.390456,46.930937],[-1.392476,46.934751],[-1.396303,46.93929],[-1.397884,46.94024],[-1.405634,46.941995],[-1.406681,46.942865],[-1.403363,46.946432]]]},"properties":{"zone_id":"BOCAGE_MAINES","libelle":"Bocage - Maines","type_zone":"hydrogeol","ponderations":{"ips":0.15,"debit":0.45,"spi_3":0.4}}},{"type":"Feature","geometry":{"type":"Polygon","coordinates":[[[-1.302471,47.041234],[-1.305217,47.040894],[-1.304447,47.04303],[-1.301144,47.0431],[-1.297904,47.044869],[-1.298077,47.045485],[-1.297224,47.046032],[-1.296993,47.04796],[-1.297587,47.048937],[-1.297777,47.051423],[-1.295913,47.052452],[-1.295438,47.052242],[-1.293112,47.053891],[-1.291799,47.052987],[-1.290082,47.054887],[-1.28941,47.054683],[-1.287592,47.057037],[-1.285798,47.063963],[-1.291241,47.065208],[-1.290705,47.067026],[-1.291382,47.068265],[-1.290679,47.070477],[-1.288359,47.073268],[-1.287788,47.075538],[-1.288029,47.076135],[-1.285264,47.077347],[-1.283967,47.076764],[-1.279996,47.075922],[-1.277905,47.077179],[-1.277386,47.078329],[-1.276124,47.07874],[-1.2754,47.079366],[-1.274089,47.081018],[-1.274803,47.082185],[-1.274545,47.082567],[-1.272737,47.083036],[-1.272657,47.083272],[-1.271994,47.083179],[-1.270606,47.08486],[-1.269194,47.085015],[-1.264796,47.082527],[-1.2619,47.079146],[-1.260608,47.079027],[-1.260339,47.077596],[-1.260893,47.076104],[-1.259992,47.07523],[-1.258845,47.074658],[-1.258101,47.074634],[-1.256333,47.075526],[-1.253517,47.074708],[-1.251903,47.073715],[-1.252677,47.072926],[-1.252602,47.071972],[-1.251212,47.071499],[-1.247101,47.066981],[-1.24537,47.066615],[-1.244492,47.067736],[-1.241781,47.068621],[-1.24003,47.068861],[-1.239915,47.068237],[-1.236476,47.06619],[-1.231244,47.065279],[-1.229686,47.063238],[-1.226042,47.061001],[-1.224325,47.060453],[-1.224545,47.057975],[-1.220739,47.055957],[-1.220442,47.055422],[-1.220678,47.054628],[-1.220212,47.054226],[-1.215692,47.053102],[-1.215235,47.052038],[-1.213375,47.050743],[-1.20992,47.050437],[-1.209435,47.048234],[-1.208219,47.047043],[-1.207935,47.0462],[-1.205008,47.045906],[-1.202362,47.046252],[-1.201491,47.044215],[-1.202945,47.042434],[-1.202841,47.041727],[-1.201456,47.040342],[-1.198927,47.040094],[-1.195999,47.039394],[-1.193519,47.039474],[-1.190996,47.039186],[-1.186925,47.037168],[-1.184055,47.036822],[-1.180613,47.03562],[-1.177919,47.035931],[-1.173762,47.034314],[-1.172999,47.034252],[-1.17193,47.03467],[-1.168575,47.034465],[-1.163396,47.031935],[-1.162754,47.032005],[-1.161117,47.033092],[-1.15752,47.03373],[-1.156744,47.03359],[-1.155284,47.030962],[-1.154502,47.030529],[-1.151084,47.030521],[-1.148372,47.029454],[-1.145926,47.027836],[-1.145813,47.026781],[-1.143652,47.024805],[-1.139337,47.024434],[-1.13822,47.024648],[-1.137923,47.025078],[-1.137072,47.025053],[-1.134626,47.024489],[-1.134633,47.023725],[-1.13311,47.022727],[-1.131579,47.022603],[-1.128402,47.021443],[-1.126458,47.02177],[-1.126411,47.021579],[-1.123287,47.021523],[-1.118761,47.020817],[-1.113996,47.018691],[-1.112839,47.016851],[-1.111596,47.016414],[-1.111022,47.015809],[-1.107444,47.015627],[-1.105699,47.01527],[-1.105467,47.014958],[-1.100387,47.014816],[-1.098481,47.014371],[-1.097144,47.013534],[-1.095942,47.0141],[-1.094803,47.015251],[-1.092283,47.01574],[-1.089572,47.014755],[-1.086857,47.012608],[-1.085032,47.011768],[-1.083616,47.01212],[-1.082714,47.013324],[-1.081488,47.01329],[-1.080045,47.011456],[-1.078308,47.010789],[-1.076128,47.009273],[-1.074294,47.008476],[-1.073168,47.008545],[-1.072254,47.009089],[-1.071738,47.009684],[-1.071511,47.011072],[-1.069784,47.012397],[-1.068207,47.013023],[-1.066757,47.013039],[-1.06384,47.009509],[-1.063792,47.008966],[-1.064291,47.008749],[-1.064069,47.008009],[-1.063293,47.007897],[-1.062129,47.00898],[-1.05973,47.008998],[-1.056535,47.00738],[-1.055638,47.006122],[-1.055167,47.004546],[-1.054643,47.004386],[-1.051238,47.004927],[-1.050539,47.005448],[-1.050255,47.006237],[-1.047761,47.007258],[-1.047308,47.006999],[-1.046899,47.005194],[-1.043656,47.004309],[-1.042643,47.004515],[-1.041277,47.006276],[-1.039668,47.006587],[-1.038749,47.006262],[-1.038672,47.005238],[-1.035929,47.004355],[-1.033343,47.005072],[-1.032126,47.005099],[-1.028846,47.004478],[-1.027746,47.003939],[-1.023447,47.003969],[-1.022667,47.00409],[-1.021765,47.004837],[-1.019236,47.0052],[-1.017981,47.00493],[-1.016303,47.003558],[-1.014515,47.005167],[-1.014173,47.005969],[-1.011954,47.007569],[-1.011681,47.009634],[-1.006507,47.012965],[-1.006772,47.014874],[-1.007358,47.015225],[-1.007584,47.016516],[-1.007212,47.017216],[-1.006332,47.017472],[-1.002682,47.020126],[-1.002179,47.02152],[-0.999529,47.020687],[-0.99619,47.018469],[-0.995514,47.017676],[-0.986383,47.012421],[-0.982174,47.010593],[-0.981683,47.011811],[-0.980506,47.013064],[-0.980527,47.013364],[-0.981258,47.013449],[-0.980279,47.014309],[-0.982976,47.016083],[-0.982825,47.016521],[-0.981502,47.017046],[-0.981873,47.018124],[-0.978354,47.018918],[-0.976156,47.018317],[-0.975663,47.01687],[-0.97408,47.016586],[-0.973361,47.016124],[-0.975206,47.013218],[-0.973166,47.012531],[-0.974088,47.010915],[-0.974932,47.010525],[-0.975229,47.008652],[-0.973483,47.008101],[-0.972909,47.009056],[-0.970504,47.007588],[-0.96861,47.007782],[-0.967816,47.007355],[-0.968678,47.006687],[-0.966467,47.005599],[-0.965982,47.004729],[-0.967052,47.005199],[-0.968005,47.004208],[-0.966535,47.002838],[-0.965473,47.003277],[-0.964014,47.003068],[-0.963229,47.001985],[-0.963135,47.000737],[-0.963629,47.000185],[-0.964984,46.999584],[-0.963447,46.998099],[-0.964354,46.997292],[-0.963297,46.996466],[-0.962497,46.996568],[-0.962256,46.997434],[-0.961741,46.997277],[-0.962158,46.995809],[-0.960264,46.99571],[-0.959851,46.995287],[-0.960874,46.995261],[-0.960803,46.994723],[-0.959511,46.995151],[-0.957388,46.994887],[-0.957369,46.99515],[-0.958285,46.99543],[-0.956737,46.996404],[-0.954756,46.995966],[-0.955661,46.99757],[-0.95504,46.999919],[-0.953334,47.000764],[-0.953181,47.001709],[-0.951958,47.002736],[-0.948911,47.00336],[-0.948897,47.00394],[-0.947611,47.003399],[-0.948136,47.003073],[-0.947976,47.002301],[-0.948438,47.001507],[-0.947166,46.999717],[-0.945861,46.999043],[-0.944993,46.998988],[-0.944733,46.999796],[-0.943366,47.000604],[-0.941698,47.00358],[-0.940278,47.003189],[-0.940348,47.002647],[-0.939812,47.002193],[-0.939634,47.002783],[-0.938673,47.002401],[-0.938529,47.0034],[-0.937296,47.003048],[-0.936367,47.004668],[-0.936462,47.005257],[-0.934844,47.005633],[-0.935539,47.007348],[-0.934349,47.007792],[-0.933446,47.008983],[-0.93295,47.007838],[-0.932015,47.007985],[-0.93192,47.0066],[-0.932389,47.006069],[-0.931826,47.005981],[-0.931332,47.006338],[-0.929971,47.007865],[-0.929194,47.008111],[-0.92891,47.007904],[-0.927473,47.006346],[-0.927819,47.006037],[-0.927821,47.004826],[-0.928311,47.004452],[-0.928248,47.00382],[-0.929018,47.003499],[-0.930319,47.003907],[-0.931039,47.004519],[-0.931063,47.003357],[-0.93278,47.00456],[-0.934602,47.003545],[-0.935226,47.002345],[-0.934643,47.002132],[-0.933984,47.002852],[-0.932632,47.00195],[-0.932392,47.002206],[-0.930144,47.002025],[-0.928661,47.002451],[-0.928231,47.001508],[-0.928445,47.000682],[-0.925042,46.999834],[-0.924907,47.001657],[-0.9253,47.002205],[-0.924316,47.00293],[-0.923051,47.002413],[-0.922894,47.0031],[-0.920992,47.003543],[-0.920686,47.003007],[-0.919905,47.003428],[-0.919063,47.002974],[-0.919365,47.002324],[-0.915853,47.001637],[-0.914871,47.000633],[-0.91566,46.999812],[-0.916733,46.999992],[-0.917909,46.998477],[-0.91993,46.998618],[-0.921435,46.998028],[-0.918765,46.996609],[-0.918747,46.995522],[-0.916525,46.996111],[-0.914272,46.994691],[-0.915649,46.993302],[-0.915289,46.992611],[-0.913859,46.992659],[-0.91297,46.992366],[-0.912311,46.992815],[-0.910853,46.994271],[-0.911471,46.994439],[-0.912372,46.995659],[-0.9117,46.995997],[-0.910316,46.994396],[-0.910136,46.993697],[-0.908708,46.99287],[-0.908442,46.993064],[-0.908721,46.993784],[-0.908013,46.993961],[-0.907873,46.994955],[-0.904396,46.994915],[-0.902118,46.993637],[-0.900889,46.992293],[-0.90103,46.991734],[-0.897542,46.989873],[-0.898968,46.988701],[-0.895404,46.986335],[-0.89623,46.985842],[-0.895727,46.985249],[-0.895414,46.985393],[-0.893065,46.984496],[-0.89505,46.982986],[-0.89488,46.98279],[-0.896843,46.980815],[-0.894874,46.980231],[-0.895071,46.979177],[-0.89469,46.979395],[-0.892484,46.978577],[-0.89268,46.977473],[-0.892187,46.976082],[-0.89294,46.975748],[-0.893736,46.976214],[-0.894562,46.975738],[-0.895706,46.975752],[-0.896135,46.975502],[-0.895551,46.975029],[-0.896766,46.974289],[-0.896461,46.973933],[-0.89744,46.973734],[-0.897685,46.973242],[-0.897038,46.972106],[-0.897921,46.970913],[-0.89871,46.971212],[-0.901364,46.971068],[-0.902206,46.971869],[-0.902759,46.971945],[-0.903518,46.971566],[-0.902071,46.971024],[-0.902497,46.97062],[-0.901062,46.969549],[-0.900918,46.968815],[-0.901636,46.969053],[-0.902814,46.968131],[-0.901823,46.967133],[-0.901208,46.966919],[-0.900932,46.96744],[-0.900204,46.967714],[-0.899125,46.966392],[-0.896031,46.968693],[-0.895035,46.968322],[-0.894457,46.969128],[-0.893405,46.969211],[-0.893669,46.968268],[-0.89298,46.966398],[-0.892667,46.966028],[-0.89139,46.966252],[-0.889186,46.967231],[-0.891749,46.968709],[-0.893365,46.969235],[-0.892037,46.970675],[-0.88982,46.970937],[-0.889529,46.970519],[-0.888977,46.970604],[-0.888421,46.972602],[-0.88794,46.971458],[-0.888415,46.970545],[-0.887304,46.969962],[-0.886275,46.970624],[-0.884979,46.970025],[-0.885179,46.969831],[-0.884719,46.969501],[-0.883526,46.96926],[-0.882828,46.969942],[-0.88124,46.969317],[-0.880304,46.970157],[-0.878998,46.969071],[-0.878651,46.968932],[-0.878307,46.969317],[-0.877125,46.968538],[-0.878818,46.967169],[-0.876305,46.966322],[-0.876836,46.965889],[-0.8776,46.966292],[-0.878644,46.9662],[-0.87936,46.966537],[-0.881295,46.964595],[-0.881799,46.964842],[-0.883136,46.964002],[-0.883282,46.963773],[-0.882734,46.963384],[-0.884037,46.961902],[-0.882834,46.961109],[-0.883141,46.960041],[-0.882561,46.959948],[-0.878513,46.956293],[-0.878238,46.956086],[-0.877859,46.956398],[-0.876041,46.955745],[-0.875409,46.956408],[-0.873459,46.95715],[-0.872736,46.957817],[-0.871963,46.957839],[-0.871776,46.959369],[-0.870472,46.960062],[-0.867095,46.963115],[-0.866439,46.96258],[-0.865299,46.963241],[-0.863686,46.962181],[-0.865467,46.960423],[-0.866817,46.9582],[-0.868083,46.958684],[-0.868751,46.95807],[-0.869014,46.956439],[-0.867085,46.95606],[-0.866752,46.956885],[-0.866354,46.956785],[-0.865997,46.95739],[-0.863114,46.956528],[-0.863032,46.955917],[-0.863731,46.955457],[-0.864661,46.955566],[-0.864078,46.952293],[-0.866389,46.952687],[-0.864557,46.951344],[-0.862195,46.950215],[-0.860307,46.94983],[-0.860299,46.949491],[-0.862263,46.949275],[-0.863165,46.948849],[-0.864407,46.94895],[-0.865702,46.948192],[-0.866904,46.948193],[-0.866864,46.948866],[-0.867833,46.949816],[-0.867413,46.951068],[-0.869857,46.951748],[-0.870144,46.952658],[-0.872822,46.953158],[-0.875578,46.954873],[-0.874887,46.953849],[-0.875931,46.953599],[-0.877386,46.952263],[-0.878684,46.952914],[-0.878963,46.952499],[-0.880011,46.952301],[-0.880433,46.951726],[-0.881932,46.951903],[-0.883985,46.951295],[-0.883913,46.950569],[-0.881632,46.948348],[-0.881202,46.946531],[-0.880211,46.946405],[-0.88012,46.945684],[-0.878682,46.945089],[-0.877188,46.945772],[-0.874292,46.943798],[-0.873642,46.943805],[-0.872832,46.944932],[-0.871561,46.945777],[-0.869481,46.945581],[-0.866337,46.946119],[-0.861754,46.945518],[-0.859762,46.946514],[-0.859659,46.947536],[-0.857807,46.947413],[-0.858211,46.947014],[-0.856668,46.945703],[-0.855898,46.945819],[-0.854366,46.947073],[-0.853648,46.947164],[-0.850566,46.946286],[-0.849664,46.946318],[-0.847623,46.94423],[-0.84919,46.943689],[-0.851168,46.941655],[-0.851946,46.942003],[-0.852978,46.941392],[-0.85381,46.940124],[-0.85339,46.939835],[-0.853279,46.938869],[-0.85382,46.937819],[-0.85576,46.93789],[-0.860062,46.936858],[-0.858192,46.934589],[-0.852707,46.937166],[-0.848003,46.940989],[-0.846802,46.939581],[-0.840326,46.935915],[-0.840621,46.933066],[-0.844965,46.931844],[-0.84597,46.932176],[-0.84614,46.931721],[-0.841092,46.928989],[-0.837557,46.932177],[-0.831501,46.934312],[-0.829881,46.933884],[-0.829991,46.933632],[-0.829149,46.933362],[-0.828921,46.931703],[-0.827251,46.931253],[-0.82722,46.930715],[-0.828443,46.930275],[-0.828647,46.929279],[-0.827547,46.928455],[-0.828036,46.926822],[-0.827357,46.925219],[-0.823858,46.920581],[-0.821363,46.91827],[-0.81917,46.918961],[-0.812351,46.920319],[-0.809997,46.919821],[-0.808726,46.920213],[-0.807411,46.920057],[-0.807628,46.919324],[-0.80954,46.9172],[-0.813145,46.914805],[-0.813819,46.913976],[-0.815561,46.913249],[-0.816302,46.91218],[-0.816976,46.912307],[-0.820892,46.910946],[-0.82158,46.910075],[-0.821709,46.909316],[-0.82072,46.909405],[-0.818701,46.908579],[-0.817528,46.906211],[-0.817044,46.903984],[-0.818419,46.902572],[-0.818315,46.902232],[-0.820624,46.89926],[-0.820664,46.898733],[-0.825277,46.894845],[-0.825961,46.892817],[-0.826147,46.890092],[-0.826915,46.889756],[-0.827724,46.887775],[-0.82854,46.887235],[-0.830467,46.887632],[-0.831267,46.88645],[-0.830558,46.88532],[-0.832337,46.884646],[-0.828539,46.884691],[-0.828109,46.884392],[-0.828396,46.883935],[-0.829765,46.883915],[-0.828829,46.883102],[-0.827301,46.88252],[-0.826844,46.882601],[-0.826665,46.883231],[-0.825785,46.883457],[-0.825551,46.88388],[-0.824302,46.88355],[-0.822827,46.882633],[-0.822385,46.883228],[-0.821813,46.883233],[-0.821709,46.882088],[-0.819794,46.88131],[-0.818124,46.881377],[-0.816688,46.88078],[-0.815512,46.879727],[-0.814455,46.877001],[-0.813849,46.876368],[-0.812751,46.875944],[-0.811416,46.87444],[-0.811484,46.873939],[-0.812343,46.87323],[-0.812094,46.872492],[-0.80996,46.872221],[-0.809361,46.871614],[-0.809334,46.870422],[-0.807967,46.870285],[-0.808481,46.868706],[-0.806284,46.867459],[-0.80398,46.867031],[-0.800853,46.865482],[-0.800054,46.864096],[-0.801022,46.863543],[-0.800346,46.862838],[-0.800486,46.862286],[-0.799769,46.862572],[-0.799005,46.862036],[-0.798094,46.862362],[-0.797772,46.861844],[-0.796861,46.861967],[-0.795,46.861119],[-0.794677,46.860822],[-0.79466,46.859039],[-0.793954,46.858213],[-0.793445,46.857944],[-0.792179,46.858197],[-0.790244,46.855492],[-0.789101,46.855819],[-0.789257,46.85504],[-0.788383,46.854811],[-0.788236,46.854161],[-0.78709,46.854055],[-0.787324,46.853344],[-0.788036,46.853268],[-0.787948,46.852822],[-0.787074,46.852376],[-0.786665,46.85162],[-0.785661,46.851329],[-0.784751,46.849868],[-0.782957,46.849308],[-0.782868,46.848474],[-0.783292,46.847845],[-0.784329,46.848033],[-0.784398,46.846184],[-0.782703,46.845408],[-0.782714,46.844988],[-0.783463,46.844929],[-0.783668,46.844612],[-0.782291,46.843228],[-0.779644,46.841919],[-0.777229,46.841433],[-0.776445,46.840265],[-0.775613,46.839876],[-0.77492,46.839897],[-0.775108,46.840572],[-0.774773,46.840795],[-0.773058,46.840442],[-0.772699,46.83895],[-0.771496,46.838668],[-0.770378,46.837139],[-0.769283,46.836185],[-0.767597,46.835355],[-0.76665,46.834353],[-0.764976,46.834762],[-0.762229,46.834424],[-0.75991,46.833447],[-0.759805,46.832439],[-0.758568,46.832453],[-0.758256,46.831441],[-0.757173,46.832119],[-0.756415,46.831492],[-0.754143,46.831417],[-0.752773,46.830952],[-0.75107,46.831101],[-0.750793,46.830889],[-0.751433,46.830152],[-0.750983,46.829971],[-0.746478,46.831105],[-0.744672,46.830429],[-0.74365,46.830372],[-0.742857,46.829477],[-0.738304,46.829163],[-0.736794,46.827456],[-0.737305,46.825319],[-0.735088,46.823913],[-0.735126,46.823245],[-0.732952,46.821652],[-0.731573,46.82147],[-0.730697,46.822044],[-0.728443,46.822209],[-0.725548,46.821496],[-0.724929,46.821977],[-0.725008,46.822649],[-0.72463,46.822898],[-0.724129,46.822718],[-0.723679,46.823262],[-0.723257,46.823232],[-0.722807,46.822632],[-0.718522,46.821908],[-0.717543,46.822051],[-0.71707,46.821503],[-0.715694,46.821776],[-0.714993,46.821115],[-0.714201,46.821146],[-0.713022,46.821893],[-0.713056,46.821123],[-0.712228,46.82064],[-0.711758,46.821158],[-0.709388,46.821541],[-0.708832,46.821129],[-0.708728,46.819887],[-0.70786,46.819682],[-0.706644,46.818723],[-0.707873,46.816737],[-0.707731,46.815937],[-0.706746,46.815253],[-0.706533,46.814648],[-0.705755,46.814241],[-0.70537,46.814398],[-0.706145,46.815296],[-0.705525,46.815807],[-0.705307,46.815094],[-0.704016,46.813996],[-0.70187,46.812908],[-0.70013,46.810926],[-0.698482,46.810676],[-0.699006,46.808888],[-0.699931,46.809231],[-0.700268,46.808946],[-0.700593,46.809145],[-0.701061,46.808358],[-0.707892,46.805755],[-0.709865,46.805668],[-0.710603,46.805077],[-0.712731,46.805279],[-0.713878,46.802796],[-0.71516,46.802315],[-0.715358,46.801446],[-0.718175,46.800249],[-0.719121,46.798322],[-0.718996,46.796384],[-0.718401,46.794774],[-0.717555,46.793828],[-0.71753,46.792809],[-0.717166,46.792711],[-0.718366,46.791242],[-0.720424,46.789925],[-0.721255,46.788033],[-0.720967,46.786878],[-0.722022,46.786513],[-0.721951,46.785891],[-0.722825,46.785463],[-0.723743,46.784349],[-0.725643,46.783779],[-0.727467,46.782309],[-0.726427,46.78106],[-0.725951,46.779642],[-0.725256,46.779192],[-0.724542,46.776876],[-0.726999,46.773627],[-0.727033,46.772384],[-0.726423,46.771773],[-0.726952,46.770959],[-0.726671,46.770054],[-0.727482,46.76774],[-0.727059,46.766601],[-0.726277,46.765128],[-0.725583,46.764828],[-0.722208,46.765155],[-0.72111,46.763888],[-0.720081,46.763728],[-0.719995,46.762517],[-0.720748,46.762591],[-0.721197,46.761319],[-0.720067,46.761148],[-0.720351,46.760318],[-0.719433,46.758073],[-0.719526,46.75573],[-0.718836,46.75445],[-0.718287,46.753999],[-0.717787,46.754146],[-0.715484,46.751932],[-0.71423,46.751888],[-0.710645,46.750021],[-0.707221,46.749933],[-0.704361,46.749455],[-0.701806,46.749972],[-0.700292,46.751131],[-0.699892,46.751903],[-0.699229,46.751802],[-0.699077,46.751491],[-0.698296,46.751757],[-0.697233,46.748757],[-0.695119,46.747835],[-0.694966,46.745603],[-0.694758,46.744907],[-0.694177,46.744859],[-0.694032,46.743845],[-0.69442,46.742908],[-0.693858,46.742544],[-0.694572,46.74194],[-0.695825,46.742433],[-0.696322,46.741071],[-0.696061,46.740294],[-0.698488,46.738035],[-0.700801,46.738302],[-0.702723,46.735051],[-0.700034,46.734132],[-0.6981,46.736127],[-0.697478,46.736381],[-0.696985,46.736207],[-0.695981,46.737123],[-0.693841,46.735572],[-0.694758,46.734686],[-0.695653,46.735248],[-0.696339,46.734976],[-0.69607,46.732832],[-0.696735,46.732568],[-0.696133,46.73148],[-0.696627,46.731254],[-0.696197,46.730305],[-0.696384,46.729526],[-0.695088,46.729399],[-0.694619,46.729462],[-0.694593,46.729812],[-0.693067,46.729852],[-0.693133,46.730414],[-0.692374,46.731107],[-0.692661,46.732056],[-0.694129,46.732994],[-0.694603,46.733848],[-0.693748,46.734016],[-0.691114,46.732301],[-0.69048,46.732374],[-0.690365,46.732646],[-0.689076,46.732137],[-0.69037,46.730947],[-0.689587,46.730461],[-0.688863,46.73039],[-0.688317,46.730812],[-0.686911,46.730252],[-0.688536,46.728799],[-0.688132,46.727838],[-0.689135,46.726128],[-0.688696,46.725952],[-0.687734,46.726594],[-0.687371,46.727536],[-0.686556,46.72775],[-0.686231,46.728974],[-0.685296,46.729809],[-0.683265,46.728152],[-0.683665,46.727885],[-0.685373,46.728035],[-0.685908,46.727651],[-0.685218,46.727165],[-0.6842,46.726815],[-0.683331,46.72702],[-0.682939,46.726511],[-0.682176,46.726696],[-0.681943,46.72607],[-0.679768,46.725769],[-0.679864,46.725182],[-0.678104,46.72571],[-0.677397,46.724594],[-0.678147,46.724271],[-0.677214,46.723713],[-0.676699,46.723891],[-0.676281,46.723664],[-0.676471,46.723259],[-0.675494,46.722338],[-0.674709,46.723055],[-0.674376,46.722925],[-0.673198,46.721846],[-0.674343,46.721265],[-0.672845,46.720189],[-0.672879,46.719648],[-0.671352,46.719056],[-0.669101,46.717371],[-0.666373,46.713663],[-0.665768,46.711055],[-0.665273,46.711291],[-0.662797,46.709681],[-0.663035,46.708713],[-0.662006,46.708554],[-0.661849,46.707186],[-0.663165,46.706247],[-0.663554,46.705363],[-0.661137,46.705012],[-0.659031,46.704084],[-0.6578,46.70275],[-0.657509,46.701388],[-0.656162,46.700799],[-0.656198,46.700333],[-0.661047,46.698501],[-0.664334,46.695874],[-0.67037,46.69332],[-0.672565,46.691846],[-0.674329,46.691334],[-0.678254,46.688158],[-0.679311,46.688005],[-0.687498,46.691565],[-0.693736,46.695106],[-0.696361,46.695544],[-0.697778,46.695372],[-0.703478,46.697081],[-0.710712,46.699918],[-0.709985,46.700156],[-0.710259,46.700602],[-0.714359,46.702516],[-0.714962,46.703222],[-0.714948,46.704368],[-0.714041,46.705254],[-0.709447,46.706647],[-0.707898,46.707697],[-0.706108,46.711087],[-0.705989,46.712225],[-0.706515,46.714139],[-0.710413,46.718977],[-0.710537,46.721846],[-0.710956,46.722546],[-0.714327,46.724265],[-0.715039,46.72531],[-0.71503,46.726282],[-0.713837,46.728583],[-0.713754,46.730151],[-0.715165,46.731473],[-0.715884,46.731696],[-0.717232,46.731896],[-0.720578,46.73171],[-0.722908,46.73294],[-0.725683,46.733294],[-0.727306,46.733988],[-0.728471,46.736262],[-0.731649,46.739454],[-0.731654,46.741833],[-0.737095,46.745124],[-0.739545,46.748851],[-0.740058,46.750943],[-0.742269,46.752269],[-0.744471,46.755271],[-0.746597,46.756258],[-0.748297,46.756495],[-0.751065,46.755889],[-0.752299,46.756087],[-0.754154,46.758831],[-0.756836,46.760361],[-0.758056,46.762376],[-0.759177,46.763173],[-0.760678,46.763372],[-0.766765,46.763054],[-0.77093,46.761689],[-0.772356,46.762006],[-0.773063,46.762549],[-0.773815,46.764672],[-0.775343,46.765469],[-0.781439,46.764309],[-0.782356,46.764337],[-0.784345,46.765042],[-0.787127,46.764904],[-0.78837,46.76412],[-0.789123,46.763063],[-0.790067,46.762856],[-0.792054,46.763953],[-0.79249,46.766013],[-0.793263,46.766253],[-0.79723,46.76573],[-0.799512,46.765776],[-0.800632,46.765423],[-0.801224,46.765608],[-0.804009,46.768315],[-0.80389,46.76941],[-0.804506,46.770753],[-0.806724,46.77215],[-0.809278,46.773035],[-0.809482,46.775207],[-0.810376,46.775905],[-0.812279,46.776616],[-0.814431,46.779168],[-0.817087,46.780878],[-0.822068,46.783517],[-0.82583,46.784888],[-0.827978,46.78551],[-0.831874,46.785799],[-0.834123,46.787267],[-0.835771,46.789662],[-0.837528,46.7904],[-0.84268,46.791301],[-0.844678,46.791372],[-0.845087,46.791655],[-0.846227,46.792985],[-0.847191,46.79512],[-0.85239,46.797676],[-0.852575,46.801912],[-0.851856,46.803939],[-0.852074,46.80586],[-0.852612,46.806296],[-0.856132,46.807269],[-0.856511,46.80769],[-0.856261,46.810561],[-0.8571,46.811681],[-0.858221,46.812434],[-0.859529,46.814827],[-0.861732,46.814351],[-0.863979,46.814667],[-0.865646,46.81598],[-0.866795,46.818136],[-0.867914,46.819284],[-0.869994,46.820954],[-0.871942,46.821521],[-0.874224,46.825031],[-0.878314,46.82678],[-0.881827,46.827132],[-0.882369,46.82745],[-0.884215,46.829811],[-0.88284,46.831745],[-0.88294,46.832377],[-0.886455,46.833467],[-0.886972,46.834001],[-0.886818,46.835365],[-0.8845,46.837645],[-0.884384,46.838981],[-0.886905,46.843385],[-0.889621,46.844479],[-0.890047,46.845044],[-0.889883,46.845561],[-0.888306,46.846182],[-0.884894,46.845747],[-0.879884,46.847573],[-0.877706,46.851099],[-0.877453,46.852583],[-0.878777,46.853644],[-0.878756,46.854383],[-0.877443,46.856384],[-0.87875,46.85739],[-0.882754,46.857611],[-0.885137,46.856411],[-0.888058,46.854329],[-0.889046,46.854391],[-0.890798,46.855153],[-0.8931,46.856771],[-0.893724,46.859951],[-0.8944,46.861371],[-0.894424,46.864855],[-0.895144,46.86678],[-0.903122,46.869336],[-0.903998,46.869915],[-0.901575,46.874828],[-0.901926,46.875862],[-0.90373,46.877243],[-0.904866,46.879119],[-0.905039,46.880483],[-0.903612,46.883594],[-0.904445,46.884551],[-0.906397,46.884902],[-0.907911,46.88476],[-0.911215,46.88337],[-0.921858,46.881708],[-0.925051,46.881968],[-0.926901,46.881492],[-0.928435,46.882115],[-0.929652,46.885069],[-0.933497,46.886761],[-0.935397,46.888417],[-0.935766,46.889739],[-0.935112,46.891937],[-0.940048,46.892111],[-0.942863,46.893489],[-0.946075,46.89382],[-0.947402,46.894656],[-0.948226,46.894803],[-0.953522,46.894651],[-0.954868,46.894351],[-0.958008,46.892819],[-0.960138,46.893281],[-0.962587,46.893167],[-0.972764,46.891286],[-0.974446,46.892891],[-0.979184,46.896257],[-0.981757,46.896461],[-0.984285,46.899664],[-0.985059,46.900039],[-0.98664,46.899718],[-0.987985,46.900442],[-0.989659,46.900777],[-0.989984,46.901459],[-0.989566,46.902709],[-0.991336,46.903982],[-0.99204,46.904187],[-0.994223,46.903908],[-0.996852,46.904408],[-0.99765,46.904163],[-0.999016,46.90276],[-0.999716,46.902618],[-1.000353,46.902897],[-1.001019,46.905174],[-1.003887,46.908842],[-1.003515,46.90968],[-1.001882,46.910427],[-1.000968,46.91163],[-1.001569,46.914075],[-1.002788,46.916656],[-1.00141,46.92113],[-1.001973,46.922021],[-1.003599,46.922479],[-1.007599,46.922065],[-1.009807,46.922123],[-1.01585,46.927029],[-1.018439,46.926898],[-1.023766,46.925698],[-1.024808,46.92613],[-1.025066,46.926915],[-1.025683,46.927317],[-1.02725,46.927487],[-1.030261,46.926336],[-1.03135,46.926523],[-1.034675,46.928182],[-1.038496,46.929166],[-1.040058,46.929909],[-1.047808,46.931368],[-1.050774,46.932788],[-1.055718,46.937572],[-1.058409,46.93878],[-1.061348,46.942116],[-1.062756,46.942598],[-1.066466,46.942652],[-1.068418,46.943638],[-1.073319,46.944006],[-1.079552,46.945615],[-1.083512,46.945299],[-1.0874,46.944328],[-1.090448,46.944517],[-1.096809,46.946089],[-1.100857,46.946072],[-1.102243,46.946369],[-1.109489,46.949663],[-1.111236,46.951616],[-1.111811,46.953989],[-1.111039,46.958038],[-1.111895,46.960311],[-1.112841,46.961332],[-1.116916,46.96321],[-1.123778,46.969118],[-1.125696,46.969798],[-1.127161,46.970945],[-1.129115,46.971592],[-1.132106,46.971931],[-1.136688,46.971401],[-1.140705,46.970215],[-1.145657,46.969185],[-1.146565,46.968472],[-1.148146,46.970083],[-1.149207,46.972123],[-1.15029,46.972963],[-1.151777,46.973482],[-1.157258,46.973722],[-1.1639,46.972909],[-1.16913,46.972847],[-1.172238,46.97378],[-1.175982,46.975502],[-1.180758,46.97531],[-1.182713,46.975726],[-1.188317,46.979954],[-1.189591,46.982009],[-1.191018,46.982849],[-1.195099,46.983905],[-1.196166,46.984497],[-1.197779,46.987391],[-1.199455,46.988525],[-1.204029,46.990563],[-1.20453,46.990955],[-1.204994,46.992764],[-1.205677,46.993239],[-1.21295,46.996377],[-1.213982,46.998134],[-1.212716,47.001745],[-1.213118,47.002916],[-1.21445,47.004536],[-1.216124,47.005561],[-1.218027,47.006087],[-1.220838,47.006385],[-1.238034,47.005606],[-1.240956,47.006426],[-1.245348,47.008497],[-1.248925,47.009149],[-1.253613,47.008995],[-1.257247,47.008324],[-1.264864,47.009179],[-1.266348,47.009687],[-1.267136,47.010393],[-1.267738,47.011931],[-1.266042,47.013936],[-1.266958,47.016197],[-1.267371,47.019167],[-1.26976,47.022198],[-1.271629,47.026109],[-1.275123,47.029059],[-1.276876,47.03242],[-1.280806,47.037206],[-1.28452,47.039458],[-1.286363,47.039895],[-1.295273,47.04084],[-1.296951,47.041299],[-1.295153,47.041763],[-1.296337,47.043517],[-1.301266,47.041642],[-1.301362,47.040479],[-1.302466,47.040696],[-1.302471,47.041234]]]},"properties":{"zone_id":"BOCAGE_SEVRE_NANTAISE","libelle":"Bocage - Sèvre nantaise","type_zone":"hydrogeol","ponderations":{"ips":0.15,"debit":0.45,"spi_3":0.4}}},{"type":"Feature","geometry":{"type":"MultiPolygon","coordinates":[[[[-0.644964,46.508435],[-0.641954,46.507753],[-0.645509,46.508511],[-0.646159,46.509084],[-0.646619,46.5104],[-0.647264,46.509707],[-0.651498,46.507575],[-0.656023,46.504674],[-0.659622,46.501347],[-0.660568,46.499571],[-0.661307,46.499358],[-0.663814,46.499596],[-0.665631,46.498861],[-0.66622,46.498031],[-0.6653,46.496509],[-0.665504,46.496067],[-0.666541,46.496138],[-0.669122,46.498006],[-0.669902,46.497938],[-0.670734,46.49684],[-0.672193,46.497225],[-0.673216,46.497144],[-0.673856,46.496589],[-0.674085,46.495572],[-0.675774,46.495631],[-0.67675,46.494842],[-0.676837,46.494624],[-0.674341,46.493803],[-0.673412,46.493206],[-0.67533,46.492151],[-0.676428,46.491008],[-0.67965,46.489809],[-0.681274,46.488876],[-0.682736,46.48848],[-0.684546,46.488567],[-0.685348,46.487922],[-0.685067,46.486327],[-0.686302,46.485357],[-0.688533,46.484897],[-0.690537,46.484977],[-0.693117,46.483839],[-0.695474,46.483331],[-0.696697,46.480982],[-0.696625,46.479692],[-0.695154,46.478752],[-0.693324,46.47831],[-0.690957,46.478641],[-0.689474,46.479794],[-0.687421,46.479982],[-0.686274,46.479078],[-0.68489,46.472182],[-0.686042,46.471805],[-0.687327,46.472014],[-0.688773,46.471854],[-0.689915,46.472794],[-0.690808,46.47299],[-0.692154,46.472628],[-0.693397,46.471728],[-0.693972,46.471952],[-0.695069,46.473424],[-0.697215,46.47381],[-0.700221,46.473289],[-0.701889,46.472362],[-0.70301,46.472102],[-0.708472,46.473554],[-0.71003,46.473593],[-0.711449,46.473231],[-0.713467,46.47335],[-0.714038,46.472678],[-0.713377,46.470363],[-0.712218,46.469785],[-0.711345,46.467955],[-0.711321,46.467375],[-0.712193,46.466999],[-0.719479,46.470155],[-0.719342,46.471448],[-0.719788,46.472618],[-0.723253,46.475066],[-0.725617,46.474145],[-0.726048,46.474261],[-0.722518,46.47769],[-0.722582,46.478244],[-0.72415,46.47955],[-0.725943,46.480076],[-0.726604,46.482019],[-0.730282,46.482658],[-0.731761,46.482386],[-0.738757,46.482807],[-0.739882,46.482651],[-0.747152,46.487584],[-0.748161,46.489328],[-0.749613,46.490342],[-0.751285,46.490931],[-0.754294,46.490989],[-0.757585,46.490668],[-0.759552,46.489723],[-0.762104,46.487724],[-0.764137,46.486946],[-0.764923,46.486157],[-0.765928,46.485866],[-0.766476,46.48679],[-0.767869,46.486009],[-0.775983,46.489187],[-0.775141,46.49],[-0.77298,46.491184],[-0.785662,46.494682],[-0.790744,46.489623],[-0.789371,46.487707],[-0.787796,46.486814],[-0.787585,46.485996],[-0.78889,46.485033],[-0.794509,46.486044],[-0.796412,46.486678],[-0.797731,46.487166],[-0.800386,46.488995],[-0.801976,46.492031],[-0.79864,46.495731],[-0.800311,46.495467],[-0.800813,46.496608],[-0.806322,46.496055],[-0.808552,46.494895],[-0.809307,46.494055],[-0.816053,46.493015],[-0.816989,46.493932],[-0.816821,46.495064],[-0.817343,46.495788],[-0.819057,46.497112],[-0.819152,46.498018],[-0.818225,46.498879],[-0.818796,46.500462],[-0.82103,46.502468],[-0.824023,46.502986],[-0.826841,46.504542],[-0.827604,46.505653],[-0.828714,46.506032],[-0.830203,46.506117],[-0.831815,46.505117],[-0.832875,46.504973],[-0.835658,46.506181],[-0.840736,46.505222],[-0.842038,46.507038],[-0.852212,46.50654],[-0.856823,46.504314],[-0.859315,46.500656],[-0.860621,46.500921],[-0.860459,46.505002],[-0.859199,46.505229],[-0.860074,46.506454],[-0.860013,46.507327],[-0.859607,46.507653],[-0.857616,46.508049],[-0.856608,46.510077],[-0.854187,46.510343],[-0.852612,46.511001],[-0.851167,46.510945],[-0.850585,46.510023],[-0.849988,46.510001],[-0.849574,46.512088],[-0.85052,46.513241],[-0.849606,46.514143],[-0.849191,46.514105],[-0.847888,46.512329],[-0.846224,46.511052],[-0.845019,46.511182],[-0.845566,46.512043],[-0.844651,46.513108],[-0.844273,46.515555],[-0.843539,46.515208],[-0.842513,46.515498],[-0.842115,46.514625],[-0.841212,46.514053],[-0.841146,46.513078],[-0.839458,46.51222],[-0.836885,46.51256],[-0.834613,46.513738],[-0.835275,46.515486],[-0.837724,46.516111],[-0.838212,46.516609],[-0.838191,46.517883],[-0.839263,46.520487],[-0.840291,46.52146],[-0.840206,46.522739],[-0.840696,46.524069],[-0.841466,46.524728],[-0.841547,46.526213],[-0.842433,46.528618],[-0.841838,46.528459],[-0.839635,46.526665],[-0.837108,46.528118],[-0.833504,46.529501],[-0.83264,46.528164],[-0.837021,46.526752],[-0.838125,46.525433],[-0.837459,46.523232],[-0.836046,46.521689],[-0.836279,46.520901],[-0.835866,46.520726],[-0.835473,46.520913],[-0.833584,46.522813],[-0.831078,46.52463],[-0.829581,46.52525],[-0.828262,46.52537],[-0.828319,46.524828],[-0.830647,46.52358],[-0.831407,46.522721],[-0.832611,46.522249],[-0.832979,46.521369],[-0.832648,46.520654],[-0.833733,46.520358],[-0.833905,46.519727],[-0.829912,46.518328],[-0.829075,46.517178],[-0.827591,46.517445],[-0.826688,46.518217],[-0.825909,46.518401],[-0.823743,46.518144],[-0.822797,46.51675],[-0.820763,46.515849],[-0.819151,46.516234],[-0.817048,46.517868],[-0.814775,46.521382],[-0.813916,46.521631],[-0.813185,46.522358],[-0.811684,46.522602],[-0.810137,46.523368],[-0.809599,46.524648],[-0.809745,46.525927],[-0.811889,46.528922],[-0.812142,46.530707],[-0.812626,46.531189],[-0.815645,46.532107],[-0.817666,46.532217],[-0.822612,46.531164],[-0.824838,46.53112],[-0.824885,46.531524],[-0.823419,46.532341],[-0.823697,46.53492],[-0.826565,46.539944],[-0.82752,46.540214],[-0.833789,46.539619],[-0.834843,46.538489],[-0.835864,46.538703],[-0.837526,46.538398],[-0.838291,46.537141],[-0.83931,46.536395],[-0.84408,46.542101],[-0.843808,46.542826],[-0.842015,46.54251],[-0.84078,46.542614],[-0.840361,46.544282],[-0.837984,46.54431],[-0.835585,46.545732],[-0.835496,46.546584],[-0.836378,46.546924],[-0.838237,46.547014],[-0.845326,46.546365],[-0.821767,46.551656],[-0.832769,46.571095],[-0.888896,46.602612],[-0.880802,46.608452],[-0.874769,46.605835],[-0.868139,46.602033],[-0.85871,46.597363],[-0.849674,46.593715],[-0.837365,46.587873],[-0.83411,46.58562],[-0.828261,46.582386],[-0.818587,46.585324],[-0.814801,46.587137],[-0.809382,46.590303],[-0.80118,46.588976],[-0.78899,46.585645],[-0.776977,46.584371],[-0.7758,46.585477],[-0.774677,46.585948],[-0.77452,46.586498],[-0.775959,46.588183],[-0.775641,46.589837],[-0.77702,46.590528],[-0.778917,46.590758],[-0.779274,46.591219],[-0.777823,46.591936],[-0.777768,46.593137],[-0.779146,46.593743],[-0.779797,46.594441],[-0.781321,46.594865],[-0.782509,46.595583],[-0.786605,46.596269],[-0.787254,46.598224],[-0.789384,46.599293],[-0.788921,46.60028],[-0.789831,46.603146],[-0.791538,46.604177],[-0.791837,46.604941],[-0.790682,46.604748],[-0.790394,46.605206],[-0.793043,46.606486],[-0.794083,46.608049],[-0.79401,46.608931],[-0.793267,46.609073],[-0.792568,46.608993],[-0.790448,46.60782],[-0.788654,46.607545],[-0.787727,46.607786],[-0.787627,46.608784],[-0.789518,46.609889],[-0.790215,46.611043],[-0.794026,46.612865],[-0.794668,46.613932],[-0.797786,46.616192],[-0.799791,46.616423],[-0.802604,46.616287],[-0.80497,46.615594],[-0.808028,46.615395],[-0.813712,46.616095],[-0.819017,46.616005],[-0.824352,46.614862],[-0.82782,46.613244],[-0.826829,46.612876],[-0.826815,46.612592],[-0.829923,46.612369],[-0.831566,46.614808],[-0.832896,46.61571],[-0.833117,46.616924],[-0.83392,46.617986],[-0.83347,46.619656],[-0.831007,46.618317],[-0.830458,46.618812],[-0.830303,46.61745],[-0.830043,46.617169],[-0.829383,46.617273],[-0.829088,46.618708],[-0.829618,46.619934],[-0.833627,46.621776],[-0.836067,46.623766],[-0.836061,46.625081],[-0.833915,46.628114],[-0.833947,46.628654],[-0.823875,46.631878],[-0.813764,46.641431],[-0.750307,46.656276],[-0.731955,46.648559],[-0.714197,46.671924],[-0.71716,46.682721],[-0.700427,46.696194],[-0.697778,46.695372],[-0.696361,46.695544],[-0.693736,46.695106],[-0.683664,46.689693],[-0.679311,46.688005],[-0.678254,46.688158],[-0.680096,46.687805],[-0.681084,46.686983],[-0.680502,46.686657],[-0.673817,46.684312],[-0.670124,46.681466],[-0.665758,46.680238],[-0.663049,46.679098],[-0.658628,46.677181],[-0.655391,46.675166],[-0.651864,46.673606],[-0.646802,46.670149],[-0.644934,46.668206],[-0.643186,46.665329],[-0.641737,46.664058],[-0.640438,46.663611],[-0.636971,46.663377],[-0.637518,46.662278],[-0.640245,46.661591],[-0.641534,46.660217],[-0.645308,46.658745],[-0.649119,46.65621],[-0.648868,46.65557],[-0.649356,46.654069],[-0.648413,46.651625],[-0.64892,46.649691],[-0.648256,46.647924],[-0.649001,46.645352],[-0.652975,46.642997],[-0.653435,46.643345],[-0.654373,46.642949],[-0.659387,46.640241],[-0.659662,46.638654],[-0.658659,46.637477],[-0.658835,46.635819],[-0.657368,46.634939],[-0.657065,46.634232],[-0.65628,46.635812],[-0.653432,46.636844],[-0.651634,46.636702],[-0.648576,46.636959],[-0.646959,46.637666],[-0.64448,46.638196],[-0.643552,46.638305],[-0.640848,46.637861],[-0.639667,46.638289],[-0.633801,46.637301],[-0.629678,46.634734],[-0.627747,46.634606],[-0.627656,46.634282],[-0.626557,46.634285],[-0.625918,46.633828],[-0.623749,46.633602],[-0.623162,46.632842],[-0.624595,46.630474],[-0.623854,46.629812],[-0.621984,46.629811],[-0.623054,46.628776],[-0.619061,46.625495],[-0.614996,46.622895],[-0.614914,46.622198],[-0.61405,46.621608],[-0.614109,46.620496],[-0.615831,46.620247],[-0.617628,46.618835],[-0.619309,46.616377],[-0.61939,46.615395],[-0.621235,46.614021],[-0.621088,46.613226],[-0.622008,46.612024],[-0.623085,46.611546],[-0.623574,46.610603],[-0.623615,46.608877],[-0.623006,46.608081],[-0.623093,46.607402],[-0.624293,46.606168],[-0.625602,46.605674],[-0.62694,46.605602],[-0.626601,46.605188],[-0.625314,46.605405],[-0.62398,46.603646],[-0.62317,46.604041],[-0.62128,46.603279],[-0.6219,46.602678],[-0.620097,46.601794],[-0.619578,46.60185],[-0.620119,46.600624],[-0.619763,46.600566],[-0.619136,46.601293],[-0.619017,46.599983],[-0.617972,46.598393],[-0.613868,46.598959],[-0.613594,46.597671],[-0.61489,46.596378],[-0.614339,46.595235],[-0.616111,46.594954],[-0.620985,46.593273],[-0.619541,46.59204],[-0.617082,46.590964],[-0.615829,46.590771],[-0.61162,46.58819],[-0.61277,46.586418],[-0.613934,46.585801],[-0.613939,46.5852],[-0.614522,46.584728],[-0.614423,46.584067],[-0.615939,46.582974],[-0.615123,46.581968],[-0.617532,46.581969],[-0.618358,46.580863],[-0.619023,46.580431],[-0.619421,46.580512],[-0.620286,46.579087],[-0.624282,46.578173],[-0.624657,46.577848],[-0.624638,46.575193],[-0.622871,46.574192],[-0.619826,46.573438],[-0.618038,46.572358],[-0.620148,46.571461],[-0.620239,46.570898],[-0.619222,46.570781],[-0.619937,46.569256],[-0.620155,46.564745],[-0.61754,46.56475],[-0.617923,46.563989],[-0.61698,46.563747],[-0.61699,46.563093],[-0.617736,46.562584],[-0.61794,46.561739],[-0.616302,46.561711],[-0.615078,46.56067],[-0.610728,46.564302],[-0.606417,46.563802],[-0.606336,46.562272],[-0.607233,46.560262],[-0.605673,46.557932],[-0.605518,46.556835],[-0.60647,46.554267],[-0.608286,46.551048],[-0.606735,46.550489],[-0.606482,46.550752],[-0.60531,46.550472],[-0.605224,46.549617],[-0.604655,46.549145],[-0.604034,46.548785],[-0.60346,46.549408],[-0.602316,46.548203],[-0.601773,46.548042],[-0.604414,46.5465],[-0.604522,46.545971],[-0.6041,46.545283],[-0.604478,46.54393],[-0.604202,46.54337],[-0.602304,46.541974],[-0.602832,46.538641],[-0.602234,46.533355],[-0.603422,46.532523],[-0.604632,46.530808],[-0.606099,46.529749],[-0.608465,46.526228],[-0.609083,46.526015],[-0.612438,46.530192],[-0.61347,46.529274],[-0.612661,46.528814],[-0.614605,46.527062],[-0.614971,46.52712],[-0.615966,46.52632],[-0.617379,46.5265],[-0.618673,46.527241],[-0.619089,46.526885],[-0.619584,46.527105],[-0.619996,46.52852],[-0.619716,46.529972],[-0.620923,46.529344],[-0.621773,46.530324],[-0.623718,46.529312],[-0.624825,46.529411],[-0.625672,46.528995],[-0.627507,46.529648],[-0.629546,46.527724],[-0.631876,46.526763],[-0.633999,46.526433],[-0.635003,46.526633],[-0.637155,46.525632],[-0.637927,46.525776],[-0.639743,46.525218],[-0.640325,46.525355],[-0.641176,46.524798],[-0.64204,46.52488],[-0.644132,46.521755],[-0.640032,46.522372],[-0.638083,46.522101],[-0.638215,46.521562],[-0.637382,46.52066],[-0.637719,46.519546],[-0.63735,46.519417],[-0.638569,46.517827],[-0.638212,46.517995],[-0.638547,46.517132],[-0.640144,46.515161],[-0.639617,46.513785],[-0.637641,46.513299],[-0.63833,46.512829],[-0.639165,46.512732],[-0.640443,46.512747],[-0.641392,46.513157],[-0.641461,46.51284],[-0.64202,46.512789],[-0.642507,46.513077],[-0.643117,46.5125],[-0.643781,46.512446],[-0.643717,46.512043],[-0.644892,46.512065],[-0.644459,46.512574],[-0.646113,46.512077],[-0.646061,46.511715],[-0.646756,46.511431],[-0.646081,46.510848],[-0.646316,46.509982],[-0.645633,46.509869],[-0.645192,46.509193],[-0.645372,46.508678],[-0.644964,46.508435]]],[[[-0.638012,46.518315],[-0.638212,46.517995],[-0.638569,46.517827],[-0.637704,46.518795],[-0.638012,46.518315]]]]},"properties":{"zone_id":"BOCAGE_VENDEE","libelle":"Bocage - Vendée","type_zone":"hydrogeol","ponderations":{"ips":0.15,"debit":0.45,"spi_3":0.4}}},{"type":"Feature","geometry":{"type":"Polygon","coordinates":[[[-1.978679,46.703958],[-1.979688,46.705357],[-1.97922,46.706192],[-1.979542,46.708],[-1.980917,46.71012],[-1.979601,46.712491],[-1.97926,46.714413],[-1.979534,46.716603],[-1.980931,46.718843],[-1.983708,46.721356],[-1.996598,46.731282],[-2.013482,46.743607],[-2.00882,46.74747],[-2.007095,46.747142],[-2.005606,46.747793],[-2.00301,46.750131],[-2.002269,46.753132],[-2.000291,46.753792],[-1.997709,46.753485],[-1.995915,46.752382],[-1.993596,46.752875],[-1.992847,46.754165],[-1.989983,46.754408],[-1.988128,46.754163],[-1.986009,46.75145],[-1.985313,46.750936],[-1.98377,46.750499],[-1.983452,46.748979],[-1.982135,46.748894],[-1.981841,46.748499],[-1.980392,46.74923],[-1.97927,46.749137],[-1.977107,46.748318],[-1.976224,46.74709],[-1.974948,46.746733],[-1.973333,46.747019],[-1.972429,46.747999],[-1.970685,46.748335],[-1.96989,46.749041],[-1.96983,46.750756],[-1.972,46.751664],[-1.971658,46.752308],[-1.968984,46.753309],[-1.968001,46.753302],[-1.966576,46.754347],[-1.965121,46.754176],[-1.964432,46.753751],[-1.964181,46.753896],[-1.963819,46.754315],[-1.964036,46.756199],[-1.963589,46.757163],[-1.964168,46.758672],[-1.965181,46.759039],[-1.965482,46.759524],[-1.965495,46.760514],[-1.964636,46.762078],[-1.965869,46.763564],[-1.965477,46.76439],[-1.968025,46.765916],[-1.96901,46.76759],[-1.971083,46.767287],[-1.972088,46.767564],[-1.973526,46.769132],[-1.9734,46.770849],[-1.97368,46.771063],[-1.977051,46.771387],[-1.977479,46.771821],[-1.97937,46.771704],[-1.980927,46.773132],[-1.980999,46.774031],[-1.981767,46.774632],[-1.982692,46.777165],[-1.983426,46.778129],[-1.983443,46.779975],[-1.982491,46.780372],[-1.982145,46.780971],[-1.983948,46.78302],[-1.983319,46.78417],[-1.988456,46.785237],[-1.989478,46.787361],[-1.989481,46.788217],[-1.987995,46.789309],[-1.987408,46.790187],[-1.985575,46.791022],[-1.984328,46.790214],[-1.981861,46.789721],[-1.979626,46.791292],[-1.979789,46.792502],[-1.977313,46.794353],[-1.9774,46.79462],[-1.978609,46.79498],[-1.978282,46.795803],[-1.976144,46.796154],[-1.975879,46.79693],[-1.974788,46.797241],[-1.974494,46.797658],[-1.975206,46.798352],[-1.976713,46.798341],[-1.977815,46.798974],[-1.978212,46.79986],[-1.979669,46.799869],[-1.981401,46.802804],[-1.981254,46.80425],[-1.979946,46.805111],[-1.976604,46.806003],[-1.975689,46.806038],[-1.972869,46.805243],[-1.971997,46.806627],[-1.973085,46.807938],[-1.9725,46.808816],[-1.969917,46.810175],[-1.966673,46.809801],[-1.965734,46.810377],[-1.966105,46.812571],[-1.96463,46.812986],[-1.965033,46.813918],[-1.966295,46.814951],[-1.966189,46.816081],[-1.965746,46.816278],[-1.964609,46.816006],[-1.962499,46.814238],[-1.959228,46.814361],[-1.957332,46.813621],[-1.955833,46.813768],[-1.954432,46.815126],[-1.953149,46.81549],[-1.952456,46.816687],[-1.950692,46.81761],[-1.945235,46.81912],[-1.94452,46.820048],[-1.944581,46.820812],[-1.943194,46.820683],[-1.943097,46.821949],[-1.942113,46.823607],[-1.937463,46.822069],[-1.936629,46.822325],[-1.935406,46.821786],[-1.934158,46.821787],[-1.934126,46.821383],[-1.932924,46.821112],[-1.932906,46.820888],[-1.931913,46.82079],[-1.931688,46.821248],[-1.93075,46.821013],[-1.929645,46.821145],[-1.928947,46.82063],[-1.927403,46.820192],[-1.926292,46.820233],[-1.924637,46.815741],[-1.921333,46.815348],[-1.920112,46.815749],[-1.918741,46.816976],[-1.916848,46.817155],[-1.916562,46.816809],[-1.916871,46.816177],[-1.912217,46.815318],[-1.906156,46.813241],[-1.9028,46.813618],[-1.903086,46.811397],[-1.900707,46.80853],[-1.893438,46.80843],[-1.887145,46.810507],[-1.880961,46.810551],[-1.8801,46.809846],[-1.878258,46.809382],[-1.878106,46.808279],[-1.87567,46.805666],[-1.87449,46.805665],[-1.874462,46.805305],[-1.873157,46.805398],[-1.872967,46.80464],[-1.872574,46.804654],[-1.867723,46.805916],[-1.867319,46.808434],[-1.868102,46.810294],[-1.862867,46.815852],[-1.861195,46.820299],[-1.860623,46.823068],[-1.858545,46.824313],[-1.856791,46.82474],[-1.846338,46.824138],[-1.840872,46.82461],[-1.837049,46.824043],[-1.832632,46.822442],[-1.82647,46.820782],[-1.824555,46.819788],[-1.823476,46.818775],[-1.821831,46.816178],[-1.820362,46.81492],[-1.818625,46.814017],[-1.815203,46.813471],[-1.810513,46.814205],[-1.809294,46.814768],[-1.805287,46.81776],[-1.803598,46.818677],[-1.802786,46.818697],[-1.801048,46.819481],[-1.799614,46.820704],[-1.800117,46.822217],[-1.801276,46.82313],[-1.804314,46.824553],[-1.805033,46.82563],[-1.803466,46.827281],[-1.801223,46.828592],[-1.799668,46.831969],[-1.799189,46.832325],[-1.796303,46.832815],[-1.794834,46.833451],[-1.790721,46.837656],[-1.785561,46.839202],[-1.783396,46.839485],[-1.780459,46.839276],[-1.77582,46.836102],[-1.774715,46.83582],[-1.772901,46.836304],[-1.769058,46.838032],[-1.765639,46.837981],[-1.759597,46.83716],[-1.757879,46.837221],[-1.751559,46.840994],[-1.749844,46.84142],[-1.74674,46.841083],[-1.74289,46.838652],[-1.736749,46.838038],[-1.726932,46.839995],[-1.723688,46.841777],[-1.722455,46.842102],[-1.721238,46.842128],[-1.718897,46.840504],[-1.716204,46.839501],[-1.715222,46.839618],[-1.712094,46.841433],[-1.710328,46.841964],[-1.705647,46.842157],[-1.695963,46.841073],[-1.689863,46.83815],[-1.685022,46.836598],[-1.680731,46.835447],[-1.675126,46.834596],[-1.672838,46.833843],[-1.670333,46.832549],[-1.667898,46.832487],[-1.664535,46.833987],[-1.659686,46.83504],[-1.657004,46.83603],[-1.655284,46.835643],[-1.653068,46.836104],[-1.650967,46.836024],[-1.646899,46.836524],[-1.636285,46.839525],[-1.634566,46.839621],[-1.631179,46.838674],[-1.628009,46.839352],[-1.62509,46.838691],[-1.623022,46.839],[-1.621007,46.840217],[-1.613654,46.841381],[-1.610787,46.842174],[-1.609413,46.843132],[-1.606077,46.847013],[-1.604446,46.848159],[-1.601776,46.848264],[-1.598455,46.847853],[-1.593562,46.845647],[-1.591761,46.845188],[-1.589909,46.844936],[-1.587174,46.845108],[-1.586196,46.845962],[-1.585098,46.849635],[-1.583313,46.851172],[-1.580911,46.852457],[-1.578374,46.852883],[-1.573919,46.852933],[-1.569279,46.85399],[-1.564606,46.853019],[-1.560818,46.853994],[-1.554175,46.854757],[-1.553141,46.855318],[-1.552143,46.857208],[-1.548004,46.85938],[-1.544665,46.862774],[-1.540611,46.865092],[-1.538608,46.865655],[-1.534183,46.865689],[-1.533033,46.865953],[-1.530914,46.867283],[-1.528559,46.868237],[-1.522232,46.869982],[-1.519176,46.87051],[-1.520209,46.86787],[-1.520107,46.865623],[-1.515735,46.862161],[-1.513365,46.860648],[-1.509362,46.8606],[-1.504438,46.858694],[-1.499751,46.85796],[-1.497751,46.855782],[-1.497482,46.854098],[-1.497935,46.852206],[-1.499286,46.849353],[-1.500688,46.844631],[-1.500872,46.840574],[-1.500406,46.837352],[-1.502058,46.833202],[-1.501058,46.830635],[-1.497741,46.830255],[-1.495055,46.829398],[-1.494319,46.82857],[-1.493488,46.826175],[-1.492037,46.824672],[-1.491019,46.822919],[-1.490437,46.822184],[-1.489019,46.821783],[-1.487051,46.8223],[-1.485399,46.823239],[-1.484264,46.823354],[-1.483448,46.823077],[-1.48138,46.821289],[-1.480231,46.82075],[-1.479029,46.820383],[-1.474493,46.819935],[-1.470505,46.820266],[-1.467768,46.821068],[-1.465017,46.822513],[-1.463347,46.822764],[-1.457529,46.8204],[-1.454313,46.817004],[-1.450031,46.814711],[-1.448398,46.813037],[-1.447853,46.811873],[-1.448436,46.810379],[-1.446227,46.807885],[-1.444671,46.805325],[-1.443462,46.802122],[-1.44132,46.798569],[-1.441265,46.79697],[-1.442033,46.795773],[-1.439432,46.793908],[-1.437569,46.793325],[-1.435339,46.791745],[-1.431059,46.787365],[-1.429344,46.786734],[-1.426757,46.786445],[-1.419874,46.783579],[-1.417548,46.781286],[-1.418571,46.778981],[-1.41846,46.778406],[-1.416327,46.776641],[-1.415766,46.774864],[-1.414836,46.774142],[-1.411058,46.774328],[-1.409765,46.774093],[-1.408668,46.773131],[-1.408438,46.772238],[-1.408998,46.767815],[-1.412387,46.76475],[-1.412868,46.763563],[-1.412556,46.76195],[-1.411435,46.760649],[-1.408734,46.758742],[-1.407387,46.758325],[-1.410655,46.754794],[-1.412388,46.75372],[-1.418133,46.75169],[-1.422894,46.748177],[-1.423568,46.747362],[-1.424583,46.744429],[-1.425871,46.74354],[-1.427374,46.743842],[-1.42929,46.745591],[-1.430149,46.746139],[-1.430865,46.746108],[-1.43472,46.743315],[-1.440248,46.742848],[-1.441723,46.742262],[-1.443654,46.741145],[-1.444778,46.739453],[-1.446956,46.738369],[-1.45242,46.739289],[-1.458128,46.736935],[-1.463191,46.735284],[-1.464417,46.734481],[-1.46464,46.733852],[-1.463112,46.732477],[-1.462758,46.731374],[-1.462999,46.73085],[-1.464584,46.730494],[-1.471377,46.730344],[-1.473287,46.729408],[-1.474988,46.727769],[-1.475566,46.72385],[-1.47456,46.722389],[-1.46914,46.719453],[-1.468916,46.718885],[-1.469137,46.718309],[-1.470003,46.717956],[-1.47432,46.717687],[-1.475211,46.717323],[-1.475969,46.716033],[-1.475856,46.714509],[-1.476229,46.71396],[-1.477383,46.713534],[-1.478296,46.713666],[-1.483144,46.715783],[-1.484752,46.717593],[-1.48701,46.719258],[-1.489856,46.720514],[-1.490804,46.72066],[-1.496323,46.718438],[-1.49896,46.71629],[-1.500064,46.715895],[-1.505162,46.716571],[-1.507697,46.716166],[-1.509375,46.71636],[-1.512035,46.717855],[-1.514043,46.719737],[-1.516128,46.720448],[-1.51746,46.720537],[-1.519951,46.719522],[-1.521734,46.719238],[-1.526647,46.718845],[-1.52797,46.718074],[-1.528154,46.71669],[-1.525385,46.714517],[-1.524996,46.713665],[-1.525589,46.712732],[-1.527283,46.711642],[-1.527345,46.710646],[-1.525976,46.708324],[-1.52574,46.707139],[-1.526915,46.704904],[-1.530016,46.702851],[-1.529246,46.701859],[-1.525996,46.699741],[-1.524085,46.698001],[-1.523289,46.695302],[-1.517751,46.692483],[-1.516305,46.69119],[-1.516095,46.690581],[-1.519712,46.68585],[-1.522512,46.683922],[-1.522636,46.683272],[-1.521929,46.681401],[-1.522278,46.680073],[-1.525248,46.679232],[-1.529591,46.678986],[-1.532216,46.677982],[-1.536612,46.677653],[-1.538291,46.676505],[-1.538629,46.674992],[-1.537858,46.67406],[-1.537609,46.672924],[-1.535733,46.671353],[-1.535512,46.670675],[-1.53587,46.669977],[-1.542204,46.668373],[-1.543051,46.667287],[-1.543042,46.66676],[-1.54139,46.664719],[-1.541382,46.662943],[-1.547955,46.659911],[-1.549192,46.65847],[-1.550092,46.656262],[-1.550656,46.653992],[-1.550067,46.653359],[-1.547731,46.653631],[-1.546653,46.653327],[-1.546166,46.652559],[-1.546348,46.650267],[-1.545511,46.648323],[-1.546191,46.647237],[-1.54907,46.644977],[-1.548871,46.643842],[-1.545956,46.642691],[-1.542514,46.642412],[-1.541569,46.642005],[-1.539565,46.64008],[-1.534901,46.637856],[-1.534277,46.637281],[-1.532214,46.634691],[-1.532315,46.633236],[-1.531448,46.63071],[-1.531502,46.629162],[-1.530257,46.627342],[-1.529976,46.625793],[-1.530267,46.624026],[-1.533843,46.622094],[-1.5341,46.62149],[-1.532197,46.618818],[-1.532518,46.617842],[-1.540396,46.616291],[-1.543211,46.615207],[-1.544724,46.613912],[-1.545927,46.614262],[-1.552677,46.614668],[-1.554969,46.616676],[-1.555179,46.618314],[-1.554109,46.619848],[-1.553383,46.619887],[-1.552693,46.620799],[-1.552402,46.623343],[-1.553523,46.625722],[-1.553121,46.627449],[-1.553494,46.628345],[-1.554612,46.629587],[-1.556215,46.630626],[-1.557609,46.632421],[-1.559689,46.633726],[-1.569741,46.635524],[-1.571637,46.636976],[-1.5722,46.639949],[-1.571751,46.641267],[-1.572043,46.641738],[-1.57347,46.64231],[-1.577081,46.642449],[-1.579991,46.644067],[-1.582282,46.644603],[-1.585013,46.647383],[-1.589452,46.64794],[-1.591823,46.648766],[-1.593868,46.64897],[-1.59653,46.650553],[-1.598687,46.651205],[-1.603034,46.651198],[-1.604517,46.649943],[-1.606617,46.649847],[-1.611108,46.649015],[-1.617718,46.649213],[-1.620832,46.647835],[-1.62268,46.647854],[-1.623842,46.648133],[-1.626699,46.650155],[-1.630424,46.650538],[-1.631731,46.651104],[-1.634351,46.653366],[-1.636707,46.654156],[-1.646154,46.654905],[-1.649303,46.654685],[-1.650493,46.654012],[-1.651776,46.653937],[-1.652505,46.654194],[-1.654896,46.655878],[-1.656779,46.658621],[-1.659343,46.659836],[-1.661648,46.661881],[-1.66238,46.661868],[-1.664014,46.660243],[-1.668675,46.659999],[-1.673981,46.658569],[-1.67459,46.657734],[-1.674066,46.655308],[-1.674571,46.654805],[-1.681311,46.655498],[-1.682274,46.655752],[-1.684367,46.657428],[-1.685512,46.657512],[-1.688631,46.656435],[-1.690837,46.655099],[-1.696307,46.652662],[-1.696978,46.651873],[-1.696903,46.651047],[-1.693785,46.646889],[-1.693939,46.646385],[-1.695142,46.645484],[-1.695279,46.643086],[-1.696021,46.641597],[-1.695796,46.640482],[-1.694266,46.638985],[-1.693716,46.636952],[-1.694037,46.636025],[-1.694872,46.635361],[-1.696252,46.634877],[-1.703075,46.633847],[-1.70784,46.632782],[-1.709343,46.633377],[-1.711286,46.634986],[-1.713032,46.635754],[-1.718461,46.635766],[-1.720729,46.636038],[-1.724895,46.639069],[-1.726289,46.639172],[-1.732567,46.638013],[-1.738921,46.638596],[-1.744839,46.636591],[-1.746017,46.636458],[-1.747528,46.636711],[-1.751563,46.638863],[-1.758534,46.639866],[-1.767584,46.642767],[-1.77493,46.643971],[-1.781818,46.647505],[-1.784397,46.648267],[-1.786281,46.647688],[-1.788791,46.645947],[-1.790371,46.645513],[-1.791592,46.645539],[-1.801332,46.648844],[-1.803089,46.64903],[-1.804577,46.648524],[-1.806217,46.647035],[-1.808033,46.646284],[-1.812508,46.645896],[-1.814075,46.645478],[-1.816331,46.643891],[-1.81778,46.643585],[-1.821789,46.643517],[-1.826802,46.642717],[-1.831503,46.641419],[-1.839438,46.641283],[-1.844487,46.641856],[-1.851127,46.641196],[-1.861068,46.642398],[-1.864004,46.642471],[-1.867812,46.642123],[-1.872088,46.640624],[-1.873974,46.640291],[-1.884113,46.641963],[-1.889231,46.644025],[-1.891503,46.645805],[-1.893332,46.648117],[-1.894071,46.648538],[-1.90058,46.650282],[-1.902835,46.652503],[-1.905298,46.653267],[-1.906073,46.654761],[-1.908068,46.655839],[-1.908396,46.656522],[-1.908395,46.657161],[-1.905949,46.658378],[-1.906013,46.659387],[-1.906676,46.660289],[-1.909638,46.661052],[-1.909611,46.662152],[-1.910789,46.661803],[-1.913026,46.663638],[-1.91267,46.664787],[-1.913204,46.665244],[-1.915237,46.665664],[-1.915328,46.668978],[-1.916234,46.670979],[-1.919414,46.67267],[-1.926381,46.680475],[-1.933455,46.685678],[-1.935068,46.687863],[-1.936836,46.689527],[-1.939819,46.690956],[-1.944992,46.694878],[-1.947906,46.695853],[-1.954167,46.690952],[-1.954304,46.691017],[-1.952069,46.692913],[-1.947837,46.696012],[-1.947141,46.696302],[-1.945168,46.696071],[-1.945539,46.695874],[-1.945196,46.695474],[-1.941162,46.692983],[-1.939462,46.692311],[-1.937042,46.692082],[-1.935476,46.692739],[-1.93418,46.692328],[-1.933811,46.691731],[-1.933423,46.691784],[-1.934158,46.693773],[-1.93434,46.696102],[-1.935263,46.696059],[-1.935507,46.694791],[-1.936974,46.693255],[-1.939473,46.694592],[-1.940269,46.694543],[-1.940417,46.694137],[-1.941939,46.694619],[-1.942684,46.695294],[-1.941828,46.694805],[-1.941068,46.69526],[-1.942434,46.695969],[-1.943274,46.695582],[-1.94482,46.696546],[-1.943922,46.696069],[-1.943286,46.696298],[-1.943676,46.696716],[-1.944833,46.697233],[-1.945117,46.696984],[-1.94503,46.697439],[-1.947197,46.698049],[-1.94867,46.697399],[-1.948112,46.696725],[-1.948671,46.697029],[-1.949706,46.696805],[-1.952028,46.695673],[-1.952664,46.694273],[-1.955674,46.694817],[-1.958607,46.694343],[-1.959599,46.694431],[-1.960411,46.694141],[-1.961609,46.6929],[-1.961281,46.692035],[-1.963486,46.691918],[-1.96461,46.692312],[-1.965082,46.692061],[-1.965164,46.692349],[-1.965835,46.69194],[-1.965811,46.692318],[-1.966184,46.692312],[-1.967027,46.693213],[-1.968463,46.693647],[-1.968932,46.694409],[-1.969242,46.694206],[-1.969505,46.695072],[-1.97098,46.696143],[-1.970868,46.696646],[-1.971872,46.69672],[-1.972798,46.697176],[-1.973055,46.697453],[-1.972468,46.697759],[-1.973143,46.698692],[-1.976334,46.70138],[-1.978679,46.703958]],[[-1.892293,46.800962],[-1.893004,46.800751],[-1.893098,46.800723],[-1.892293,46.800962]],[[-1.893079,46.799174],[-1.892387,46.798995],[-1.893937,46.799397],[-1.893079,46.799174]]]},"properties":{"zone_id":"BOCAGE_VIE_JAUNAY","libelle":"Bocage - Vie et Jaunay","type_zone":"hydrogeol","ponderations":{"ips":0.15,"debit":0.45,"spi_3":0.4}}},{"type":"Feature","geometry":{"type":"MultiPolygon","coordinates":[[[[-2.249738,46.960682],[-2.252921,46.958986],[-2.255546,46.958336],[-2.259106,46.958373],[-2.263008,46.959859],[-2.267052,46.963729],[-2.269538,46.967672],[-2.270209,46.968255],[-2.270693,46.968108],[-2.272794,46.970862],[-2.276534,46.974417],[-2.28011,46.978458],[-2.283617,46.981555],[-2.286933,46.983143],[-2.288549,46.982184],[-2.289978,46.981958],[-2.288424,46.982381],[-2.286985,46.983566],[-2.291164,46.985184],[-2.292415,46.985365],[-2.293376,46.984392],[-2.293375,46.983399],[-2.291331,46.981501],[-2.289684,46.98106],[-2.290045,46.9809],[-2.291299,46.981284],[-2.293508,46.983269],[-2.293423,46.984793],[-2.295043,46.986141],[-2.300434,46.988569],[-2.301831,46.989566],[-2.302833,46.991455],[-2.302781,46.99404],[-2.302077,46.994655],[-2.300679,46.998275],[-2.294165,47.00584],[-2.292537,47.009019],[-2.292164,47.011506],[-2.292922,47.01271],[-2.295176,47.012922],[-2.295468,47.01317],[-2.295564,47.015498],[-2.296453,47.017033],[-2.301002,47.018267],[-2.302768,47.021027],[-2.30342,47.022941],[-2.306759,47.024047],[-2.307461,47.024656],[-2.307035,47.025079],[-2.304932,47.025429],[-2.298152,47.02761],[-2.297818,47.027299],[-2.299171,47.02695],[-2.300087,47.026313],[-2.30032,47.024427],[-2.300031,47.024253],[-2.299226,47.024205],[-2.299146,47.024821],[-2.29879,47.024938],[-2.298872,47.024318],[-2.297015,47.024137],[-2.29657,47.02435],[-2.296307,47.02481],[-2.296676,47.025927],[-2.297382,47.026591],[-2.297013,47.027032],[-2.295975,47.02464],[-2.288115,47.024702],[-2.285077,47.02548],[-2.282072,47.027139],[-2.277305,47.029129],[-2.2749,47.028285],[-2.271449,47.028081],[-2.269069,47.027343],[-2.26634,47.027654],[-2.262448,47.028734],[-2.261897,47.028364],[-2.25904,47.028255],[-2.25686,47.027308],[-2.253748,47.028105],[-2.252094,47.027877],[-2.250858,47.027265],[-2.250227,47.025949],[-2.247726,47.023437],[-2.247576,47.021715],[-2.246465,47.020457],[-2.244959,47.019644],[-2.240815,47.017964],[-2.237118,47.017263],[-2.230035,47.016683],[-2.225548,47.016749],[-2.22541,47.015907],[-2.224881,47.015417],[-2.222192,47.014421],[-2.222452,47.013481],[-2.219733,47.011409],[-2.22067,47.010246],[-2.220083,47.009271],[-2.218787,47.008414],[-2.217537,47.008125],[-2.218861,47.007265],[-2.22034,47.003382],[-2.220127,47.000717],[-2.21943,46.999009],[-2.219677,46.9984],[-2.218475,46.994936],[-2.218551,46.991888],[-2.219351,46.989939],[-2.221994,46.990106],[-2.225749,46.992524],[-2.241366,46.998794],[-2.247609,46.999708],[-2.247445,46.999458],[-2.241557,46.998457],[-2.240532,46.996759],[-2.240852,46.995635],[-2.247332,46.993747],[-2.237165,46.995875],[-2.235704,46.995309],[-2.233941,46.991762],[-2.233961,46.990718],[-2.239194,46.989895],[-2.239991,46.988997],[-2.242305,46.98892],[-2.244102,46.988008],[-2.245088,46.987972],[-2.244858,46.98725],[-2.245763,46.98732],[-2.244851,46.98699],[-2.244747,46.986634],[-2.245522,46.986508],[-2.245219,46.985944],[-2.245959,46.985267],[-2.245032,46.985881],[-2.245308,46.986441],[-2.244554,46.986606],[-2.244855,46.987882],[-2.244101,46.987854],[-2.242356,46.988765],[-2.240144,46.988663],[-2.238844,46.989527],[-2.237158,46.989297],[-2.235941,46.989781],[-2.23367,46.98907],[-2.232211,46.989531],[-2.224354,46.989283],[-2.223597,46.989228],[-2.223023,46.989152],[-2.222137,46.988988],[-2.22165,46.988866],[-2.221527,46.98896],[-2.221472,46.988801],[-2.224352,46.989265],[-2.231694,46.989356],[-2.232705,46.988137],[-2.235483,46.986667],[-2.236548,46.985305],[-2.236552,46.984335],[-2.234732,46.982483],[-2.235219,46.982207],[-2.237263,46.982208],[-2.237703,46.981666],[-2.237441,46.981053],[-2.236281,46.979574],[-2.232278,46.976436],[-2.23268,46.975687],[-2.232478,46.974875],[-2.231816,46.974011],[-2.230341,46.973095],[-2.22937,46.973482],[-2.226055,46.976214],[-2.212033,46.97026],[-2.185206,46.960352],[-2.176833,46.958518],[-2.170118,46.956095],[-2.156858,46.950134],[-2.150613,46.939627],[-2.149218,46.939647],[-2.148411,46.939207],[-2.14832,46.9383],[-2.14943,46.937655],[-2.147244,46.934098],[-2.152687,46.932222],[-2.153125,46.931318],[-2.152973,46.930543],[-2.151759,46.929466],[-2.151656,46.928595],[-2.150499,46.927303],[-2.148445,46.926568],[-2.148181,46.92683],[-2.147549,46.926696],[-2.146903,46.926336],[-2.146802,46.925691],[-2.146738,46.924719],[-2.147432,46.92338],[-2.148804,46.92247],[-2.149047,46.92062],[-2.15047,46.920314],[-2.15058,46.919901],[-2.150856,46.91729],[-2.150311,46.917098],[-2.150228,46.91638],[-2.150626,46.915821],[-2.148554,46.914687],[-2.148335,46.913521],[-2.149917,46.912235],[-2.149831,46.90973],[-2.151602,46.908842],[-2.151917,46.907949],[-2.153197,46.907053],[-2.152851,46.905676],[-2.151438,46.905471],[-2.151448,46.902421],[-2.148109,46.897545],[-2.148023,46.894495],[-2.148872,46.893721],[-2.151608,46.895052],[-2.154169,46.895082],[-2.156084,46.895887],[-2.157997,46.89722],[-2.166254,46.904654],[-2.167871,46.907188],[-2.171044,46.918181],[-2.173273,46.924203],[-2.176319,46.93023],[-2.178981,46.934053],[-2.184109,46.939673],[-2.192505,46.94719],[-2.197381,46.95092],[-2.206681,46.957257],[-2.214097,46.9616],[-2.218866,46.963905],[-2.221855,46.964999],[-2.225167,46.965675],[-2.229796,46.965768],[-2.230592,46.96549],[-2.240959,46.965098],[-2.243461,46.964755],[-2.246132,46.963996],[-2.249738,46.960682]]],[[[-2.358278,47.04236],[-2.356482,47.040816],[-2.355925,47.039678],[-2.354747,47.039113],[-2.354518,47.038335],[-2.355341,47.038531],[-2.356186,47.039515],[-2.357217,47.039655],[-2.35764,47.04032],[-2.358782,47.040844],[-2.359024,47.041501],[-2.360454,47.042078],[-2.360735,47.043181],[-2.358278,47.04236]]]]},"properties":{"zone_id":"ILE_NOIRMOUTIER","libelle":"Île de Noirmoutier","type_zone":"hydrogeol","ponderations":{"ips":0.6,"debit":0.0,"spi_3":0.4}}},{"type":"Feature","geometry":{"type":"MultiPolygon","coordinates":[[[[-2.380734,46.69848],[-2.381192,46.699103],[-2.380769,46.699547],[-2.38157,46.69987],[-2.381651,46.699522],[-2.382179,46.699896],[-2.382219,46.699479],[-2.382706,46.699591],[-2.383185,46.700363],[-2.382239,46.700423],[-2.382778,46.700839],[-2.382606,46.70141],[-2.382204,46.701185],[-2.381787,46.701422],[-2.381101,46.701282],[-2.381444,46.701871],[-2.381039,46.70207],[-2.38149,46.702491],[-2.380523,46.702582],[-2.380506,46.703584],[-2.379423,46.703909],[-2.379147,46.704569],[-2.379566,46.705036],[-2.379269,46.705041],[-2.380993,46.706124],[-2.381587,46.706268],[-2.38211,46.705946],[-2.382688,46.706666],[-2.383071,46.70643],[-2.383059,46.706903],[-2.384387,46.708053],[-2.385313,46.707998],[-2.385991,46.707153],[-2.386833,46.707357],[-2.386877,46.708195],[-2.38777,46.708974],[-2.388575,46.709117],[-2.388866,46.70885],[-2.389627,46.709161],[-2.389616,46.708925],[-2.389906,46.709848],[-2.390618,46.709679],[-2.391147,46.710097],[-2.392946,46.709877],[-2.392668,46.711388],[-2.392835,46.711885],[-2.393286,46.711882],[-2.393093,46.712261],[-2.393504,46.712359],[-2.393572,46.712946],[-2.394218,46.712921],[-2.394742,46.713321],[-2.395249,46.713144],[-2.395562,46.713391],[-2.395295,46.714378],[-2.39602,46.714488],[-2.396754,46.71504],[-2.396311,46.715422],[-2.396698,46.715356],[-2.396604,46.71576],[-2.397184,46.715742],[-2.397301,46.716089],[-2.397802,46.715821],[-2.398346,46.716485],[-2.398805,46.716481],[-2.398604,46.71739],[-2.398894,46.717494],[-2.397887,46.718072],[-2.398374,46.719477],[-2.39784,46.720233],[-2.398475,46.721076],[-2.39892,46.721211],[-2.399329,46.720692],[-2.399528,46.721164],[-2.399075,46.721305],[-2.39931,46.722014],[-2.39889,46.72216],[-2.399213,46.722713],[-2.397969,46.722925],[-2.398597,46.723618],[-2.398968,46.723519],[-2.399011,46.72386],[-2.399563,46.724024],[-2.399399,46.724266],[-2.39874,46.72418],[-2.400679,46.725866],[-2.39975,46.726632],[-2.399123,46.726135],[-2.396854,46.725686],[-2.395355,46.725988],[-2.395197,46.726458],[-2.394047,46.726295],[-2.392142,46.727306],[-2.391313,46.726984],[-2.390254,46.727484],[-2.389457,46.727516],[-2.389199,46.727273],[-2.388883,46.727552],[-2.388553,46.727144],[-2.387624,46.727179],[-2.386688,46.72777],[-2.38694,46.728605],[-2.387727,46.728876],[-2.386951,46.72996],[-2.385948,46.730205],[-2.385596,46.730601],[-2.385082,46.73038],[-2.383863,46.7307],[-2.384101,46.731086],[-2.382179,46.733424],[-2.381439,46.73348],[-2.379611,46.73265],[-2.377302,46.732404],[-2.376735,46.732768],[-2.376439,46.73257],[-2.374995,46.73303],[-2.374482,46.734001],[-2.373967,46.733976],[-2.373433,46.733361],[-2.371903,46.73315],[-2.37039,46.731756],[-2.367443,46.731857],[-2.366428,46.731415],[-2.365437,46.731877],[-2.365497,46.731552],[-2.363931,46.730742],[-2.361982,46.730917],[-2.361461,46.729656],[-2.361023,46.729731],[-2.36076,46.729311],[-2.358361,46.73],[-2.356649,46.729413],[-2.354317,46.727978],[-2.353071,46.727875],[-2.351295,46.72876],[-2.349503,46.728424],[-2.348651,46.728566],[-2.346906,46.729768],[-2.348014,46.728495],[-2.349606,46.727656],[-2.349678,46.72731],[-2.348407,46.726496],[-2.348554,46.72634],[-2.349568,46.726817],[-2.349766,46.725689],[-2.349076,46.725653],[-2.348681,46.725941],[-2.349361,46.725295],[-2.348153,46.724543],[-2.347551,46.724602],[-2.347763,46.725726],[-2.347408,46.725754],[-2.346894,46.724921],[-2.346154,46.725072],[-2.346685,46.726184],[-2.346411,46.726405],[-2.345627,46.724994],[-2.344892,46.725156],[-2.345577,46.726607],[-2.346799,46.726528],[-2.347138,46.726789],[-2.345261,46.726795],[-2.34472,46.725568],[-2.343819,46.725347],[-2.343106,46.724374],[-2.342395,46.726187],[-2.34438,46.727579],[-2.346689,46.727832],[-2.34747,46.72697],[-2.347779,46.727045],[-2.346977,46.728225],[-2.344292,46.72775],[-2.34212,46.72611],[-2.343316,46.723564],[-2.342833,46.723471],[-2.341964,46.722108],[-2.340818,46.721676],[-2.340521,46.720995],[-2.340766,46.720325],[-2.339282,46.719368],[-2.336225,46.71905],[-2.333844,46.719159],[-2.3282,46.720789],[-2.325613,46.720687],[-2.325433,46.720077],[-2.32414,46.719837],[-2.320643,46.720332],[-2.319612,46.719981],[-2.318074,46.72008],[-2.31799,46.71917],[-2.318364,46.718719],[-2.317502,46.717489],[-2.314135,46.715994],[-2.314296,46.71573],[-2.31336,46.715071],[-2.312563,46.714811],[-2.311999,46.71508],[-2.31248,46.713831],[-2.311973,46.712942],[-2.310826,46.712213],[-2.308154,46.711854],[-2.307523,46.711446],[-2.306314,46.711528],[-2.304984,46.709591],[-2.302066,46.708873],[-2.300463,46.706948],[-2.297182,46.70496],[-2.294063,46.701753],[-2.286112,46.695832],[-2.283789,46.692767],[-2.282353,46.691915],[-2.282542,46.691498],[-2.282113,46.691137],[-2.282232,46.69075],[-2.282927,46.69066],[-2.28348,46.690194],[-2.28298,46.68967],[-2.283716,46.689416],[-2.284067,46.688714],[-2.283678,46.688885],[-2.283575,46.688505],[-2.284258,46.688116],[-2.285333,46.688592],[-2.285627,46.688433],[-2.285883,46.688773],[-2.28635,46.68859],[-2.286621,46.688921],[-2.285809,46.689707],[-2.28631,46.690117],[-2.2863,46.69093],[-2.288472,46.69092],[-2.288295,46.692138],[-2.289296,46.692576],[-2.290288,46.692795],[-2.290952,46.692439],[-2.291249,46.693099],[-2.292971,46.692738],[-2.293204,46.693104],[-2.294254,46.692847],[-2.294737,46.693223],[-2.295942,46.69281],[-2.296694,46.693393],[-2.29737,46.692928],[-2.298092,46.692935],[-2.299444,46.692371],[-2.300966,46.692685],[-2.301816,46.692388],[-2.302131,46.692744],[-2.301648,46.692928],[-2.301951,46.693357],[-2.305062,46.693474],[-2.305979,46.693924],[-2.306457,46.694727],[-2.308124,46.694666],[-2.309491,46.695895],[-2.310488,46.695494],[-2.311406,46.695996],[-2.312116,46.696021],[-2.314004,46.695616],[-2.313548,46.695473],[-2.314505,46.695198],[-2.314272,46.695573],[-2.31532,46.695038],[-2.315074,46.694337],[-2.31561,46.693823],[-2.315103,46.692938],[-2.315692,46.693025],[-2.315479,46.692405],[-2.314794,46.691967],[-2.31509,46.691463],[-2.31769,46.691365],[-2.319111,46.691805],[-2.319274,46.690935],[-2.319462,46.691238],[-2.319842,46.690972],[-2.321212,46.690976],[-2.320704,46.690538],[-2.320977,46.69011],[-2.321685,46.69024],[-2.322238,46.690873],[-2.323447,46.690693],[-2.323987,46.690881],[-2.32471,46.690316],[-2.323849,46.689562],[-2.324481,46.689388],[-2.324279,46.689006],[-2.325306,46.689295],[-2.325421,46.688882],[-2.326405,46.68889],[-2.326056,46.688196],[-2.326847,46.688315],[-2.326591,46.687756],[-2.327885,46.687452],[-2.327562,46.686915],[-2.32911,46.686651],[-2.330795,46.686987],[-2.331166,46.686222],[-2.331978,46.686305],[-2.332774,46.685777],[-2.333388,46.68602],[-2.333032,46.686626],[-2.332617,46.686483],[-2.333114,46.687741],[-2.332825,46.688097],[-2.332001,46.688],[-2.332019,46.688901],[-2.333576,46.689395],[-2.334106,46.688742],[-2.333876,46.6885],[-2.334513,46.688251],[-2.33492,46.688631],[-2.334644,46.689053],[-2.335105,46.689072],[-2.33462,46.68916],[-2.335192,46.68926],[-2.335441,46.689685],[-2.337755,46.689614],[-2.340078,46.690034],[-2.340294,46.690358],[-2.339557,46.690331],[-2.340847,46.690612],[-2.339791,46.691115],[-2.341044,46.691288],[-2.340401,46.691526],[-2.340816,46.691801],[-2.339854,46.691624],[-2.339739,46.691873],[-2.342125,46.693413],[-2.342328,46.694235],[-2.343449,46.693232],[-2.3432,46.692686],[-2.343548,46.692504],[-2.345036,46.69306],[-2.344266,46.693683],[-2.345626,46.695235],[-2.346091,46.694683],[-2.345146,46.693597],[-2.345889,46.693901],[-2.346072,46.693628],[-2.347335,46.693729],[-2.346735,46.692918],[-2.348014,46.693103],[-2.347924,46.691843],[-2.349438,46.691987],[-2.349787,46.691397],[-2.350819,46.692024],[-2.350796,46.691673],[-2.351831,46.691552],[-2.351792,46.692222],[-2.352444,46.692543],[-2.352247,46.692859],[-2.354192,46.69337],[-2.353783,46.693353],[-2.354938,46.694141],[-2.354608,46.694132],[-2.354868,46.694704],[-2.356095,46.694316],[-2.356677,46.694501],[-2.356145,46.694827],[-2.356606,46.69604],[-2.357235,46.695875],[-2.357734,46.694979],[-2.35882,46.69521],[-2.359853,46.695048],[-2.360168,46.694253],[-2.362071,46.694864],[-2.363694,46.694625],[-2.364707,46.694795],[-2.365578,46.695205],[-2.365547,46.695991],[-2.366295,46.696131],[-2.365344,46.696195],[-2.36623,46.696862],[-2.365816,46.697387],[-2.367798,46.697944],[-2.368495,46.698426],[-2.368502,46.699192],[-2.368102,46.6995],[-2.369004,46.699918],[-2.368691,46.700348],[-2.369162,46.700813],[-2.369222,46.701972],[-2.369617,46.701622],[-2.371265,46.702076],[-2.371306,46.701689],[-2.371634,46.702222],[-2.372004,46.702115],[-2.373311,46.70273],[-2.373578,46.702303],[-2.373913,46.702721],[-2.374933,46.702813],[-2.375022,46.702587],[-2.375247,46.703005],[-2.376272,46.703039],[-2.375935,46.702884],[-2.376971,46.70255],[-2.377712,46.701829],[-2.376899,46.700134],[-2.377292,46.70041],[-2.377649,46.699778],[-2.378025,46.699892],[-2.378344,46.699633],[-2.378001,46.699316],[-2.378698,46.698371],[-2.379383,46.698601],[-2.379312,46.698949],[-2.379687,46.698767],[-2.380302,46.699172],[-2.380734,46.69848]]],[[[-2.393485,46.709833],[-2.393048,46.709791],[-2.393123,46.709491],[-2.393298,46.709544],[-2.393485,46.709833]]],[[[-2.400755,46.724743],[-2.400237,46.725064],[-2.399934,46.724845],[-2.400736,46.724402],[-2.400755,46.724743]]],[[[-2.369384,46.69937],[-2.36884,46.699682],[-2.368429,46.69953],[-2.369312,46.699039],[-2.369641,46.699313],[-2.369384,46.69937]]]]},"properties":{"zone_id":"ILE_YEU","libelle":"Île d'Yeu","type_zone":"hydrogeol","ponderations":{"ips":0.6,"debit":0.0,"spi_3":0.4}}},{"type":"Feature","geometry":{"type":"Polygon","coordinates":[[[-2.004448,46.748711],[-2.007095,46.747142],[-2.00882,46.74747],[-2.013482,46.743607],[-2.021426,46.749958],[-2.034586,46.757862],[-2.062139,46.777467],[-2.073453,46.783431],[-2.082946,46.787108],[-2.08507,46.78452],[-2.085256,46.784594],[-2.083001,46.787134],[-2.085165,46.788064],[-2.085108,46.78848],[-2.085678,46.788266],[-2.087977,46.789201],[-2.093574,46.792324],[-2.105072,46.797433],[-2.12441,46.80727],[-2.137288,46.815849],[-2.140957,46.817895],[-2.142336,46.819596],[-2.143309,46.821984],[-2.145585,46.833368],[-2.146329,46.84029],[-2.145834,46.850778],[-2.147855,46.866527],[-2.149037,46.870449],[-2.150436,46.873474],[-2.15517,46.881971],[-2.156833,46.887641],[-2.156022,46.889417],[-2.154113,46.890507],[-2.152939,46.890666],[-2.148691,46.889249],[-2.146156,46.889442],[-2.14273,46.891075],[-2.139457,46.892171],[-2.139773,46.892934],[-2.138579,46.892351],[-2.13797,46.892869],[-2.138158,46.893048],[-2.139102,46.893278],[-2.139704,46.893065],[-2.138349,46.893825],[-2.13735,46.892811],[-2.134317,46.89155],[-2.133546,46.891879],[-2.133168,46.891363],[-2.132174,46.891292],[-2.130757,46.89162],[-2.130334,46.891459],[-2.129535,46.891842],[-2.128957,46.891791],[-2.129258,46.891467],[-2.12874,46.891481],[-2.128808,46.891785],[-2.128079,46.891786],[-2.127037,46.892288],[-2.12708,46.892814],[-2.121834,46.899636],[-2.1201,46.899772],[-2.119817,46.900548],[-2.119374,46.900683],[-2.117677,46.900415],[-2.114759,46.899349],[-2.11419,46.900309],[-2.115916,46.900437],[-2.119591,46.90147],[-2.119034,46.904825],[-2.119791,46.904648],[-2.119021,46.905004],[-2.118909,46.907159],[-2.117786,46.909003],[-2.113923,46.911729],[-2.113288,46.913101],[-2.111537,46.913142],[-2.111042,46.914733],[-2.106422,46.919839],[-2.103838,46.921036],[-2.097969,46.925056],[-2.097277,46.925144],[-2.09609,46.924562],[-2.094811,46.925009],[-2.095194,46.926098],[-2.094241,46.926464],[-2.094452,46.927163],[-2.091321,46.930404],[-2.084661,46.933383],[-2.083959,46.933066],[-2.079434,46.934142],[-2.080854,46.936524],[-2.07933,46.93412],[-2.077871,46.93357],[-2.076034,46.934247],[-2.075671,46.934723],[-2.079638,46.938244],[-2.081394,46.938143],[-2.079901,46.938533],[-2.075346,46.934623],[-2.079614,46.938501],[-2.076767,46.939086],[-2.075526,46.939757],[-2.074438,46.939098],[-2.071577,46.935309],[-2.070964,46.935092],[-2.071572,46.936491],[-2.072258,46.936812],[-2.074712,46.940233],[-2.074125,46.94035],[-2.074085,46.940829],[-2.058101,46.950807],[-2.044624,46.96797],[-2.037375,46.968877],[-2.033513,46.96899],[-2.037529,46.969201],[-2.038398,46.968908],[-2.040194,46.969129],[-2.044617,46.969026],[-2.046203,46.977924],[-2.036809,46.991425],[-2.035041,46.99155],[-2.032413,46.991227],[-2.031714,46.990244],[-2.030201,46.990172],[-2.03018,46.99047],[-2.031532,46.990401],[-2.031747,46.991575],[-2.032883,46.991875],[-2.035591,46.99448],[-2.037531,46.995631],[-2.038215,46.997256],[-2.038195,46.997515],[-2.034564,46.997744],[-2.034521,46.998544],[-2.034397,46.997972],[-2.03364,46.998387],[-2.026714,46.99728],[-2.030836,46.99826],[-2.032897,46.998439],[-2.032559,46.998794],[-2.033428,46.998713],[-2.031763,46.998929],[-2.031346,46.999341],[-2.031681,47.000878],[-2.031055,47.002484],[-2.030476,47.00297],[-2.030705,47.004156],[-2.029025,47.007769],[-2.029227,47.009637],[-2.027857,47.009682],[-2.027177,47.009178],[-2.025548,47.009388],[-2.020532,47.011046],[-2.019781,47.011767],[-2.016555,47.012515],[-2.01385,47.013778],[-2.011507,47.016106],[-2.010073,47.016716],[-1.997208,47.018521],[-1.980661,47.027179],[-1.979093,47.028656],[-1.976532,47.028609],[-1.975587,47.02884],[-1.970629,47.02851],[-1.969195,47.02799],[-1.967616,47.026847],[-1.963798,47.022484],[-1.956357,47.009705],[-1.953763,47.007253],[-1.950286,47.001602],[-1.948995,47.000047],[-1.94516,46.997395],[-1.944225,46.99591],[-1.94188,46.994121],[-1.939916,46.993488],[-1.938725,46.993663],[-1.937046,46.994675],[-1.93673,46.995717],[-1.935246,46.995871],[-1.933025,46.995282],[-1.931913,46.993421],[-1.928413,46.992641],[-1.922543,46.992175],[-1.92162,46.99241],[-1.920882,46.99316],[-1.919802,46.993175],[-1.916692,46.992143],[-1.916592,46.991104],[-1.917253,46.990718],[-1.916233,46.990108],[-1.915311,46.989983],[-1.914499,46.988731],[-1.91616,46.987281],[-1.917714,46.987805],[-1.91881,46.987325],[-1.918739,46.986346],[-1.919263,46.985688],[-1.918651,46.984506],[-1.915857,46.983547],[-1.915341,46.982908],[-1.915369,46.982274],[-1.915903,46.981881],[-1.917757,46.981832],[-1.918275,46.980282],[-1.91651,46.979588],[-1.915352,46.980609],[-1.914449,46.980841],[-1.912172,46.980329],[-1.911869,46.979938],[-1.912145,46.979178],[-1.91514,46.977739],[-1.915986,46.976726],[-1.917038,46.976372],[-1.917254,46.975009],[-1.91649,46.974494],[-1.914884,46.974613],[-1.913019,46.97395],[-1.91487,46.972069],[-1.913479,46.971315],[-1.911523,46.971169],[-1.910981,46.97065],[-1.910842,46.969384],[-1.911704,46.968696],[-1.909911,46.968283],[-1.909393,46.969418],[-1.907657,46.970594],[-1.906537,46.970811],[-1.905806,46.97012],[-1.905831,46.969193],[-1.903842,46.96856],[-1.903164,46.968832],[-1.903416,46.967833],[-1.904919,46.967373],[-1.905214,46.966851],[-1.903377,46.966708],[-1.902268,46.967014],[-1.90132,46.96591],[-1.901572,46.965559],[-1.90125,46.964915],[-1.900561,46.965056],[-1.900039,46.964809],[-1.900569,46.963356],[-1.898822,46.963492],[-1.8986,46.962877],[-1.899796,46.962097],[-1.8992,46.960811],[-1.898503,46.960928],[-1.898453,46.961574],[-1.897382,46.961572],[-1.896335,46.961938],[-1.89537,46.961622],[-1.895449,46.960616],[-1.893155,46.960527],[-1.892545,46.959671],[-1.891391,46.959433],[-1.891093,46.957853],[-1.889747,46.957037],[-1.88803,46.957741],[-1.88532,46.957004],[-1.883595,46.956805],[-1.882487,46.956976],[-1.881394,46.955747],[-1.880377,46.95544],[-1.879872,46.954635],[-1.877732,46.954217],[-1.877256,46.95372],[-1.873489,46.953216],[-1.871245,46.953311],[-1.868562,46.952264],[-1.866292,46.951881],[-1.865798,46.951974],[-1.865597,46.952593],[-1.866174,46.953542],[-1.865237,46.95463],[-1.86475,46.95465],[-1.862447,46.954589],[-1.861328,46.953946],[-1.860322,46.954239],[-1.858746,46.953992],[-1.855533,46.952995],[-1.851914,46.953635],[-1.850427,46.954408],[-1.848015,46.954085],[-1.846508,46.954448],[-1.84054,46.953535],[-1.838329,46.953839],[-1.835535,46.953185],[-1.834182,46.953567],[-1.831603,46.953732],[-1.828075,46.952976],[-1.825283,46.947398],[-1.825987,46.944511],[-1.825746,46.942742],[-1.826359,46.939875],[-1.826677,46.93983],[-1.826415,46.937702],[-1.827273,46.937577],[-1.828062,46.936738],[-1.828741,46.934593],[-1.832213,46.932158],[-1.821236,46.930303],[-1.813727,46.929585],[-1.804234,46.929628],[-1.800631,46.930659],[-1.799117,46.930798],[-1.799331,46.927819],[-1.79891,46.927163],[-1.793007,46.927923],[-1.788066,46.929425],[-1.786302,46.929634],[-1.784263,46.928863],[-1.783003,46.926069],[-1.782066,46.925196],[-1.780056,46.924887],[-1.777507,46.92493],[-1.776782,46.925404],[-1.775724,46.925287],[-1.774907,46.925635],[-1.774942,46.926202],[-1.77374,46.926725],[-1.773506,46.9265],[-1.772063,46.926656],[-1.769795,46.925941],[-1.769136,46.926187],[-1.767786,46.926008],[-1.766982,46.926652],[-1.763827,46.927677],[-1.758586,46.928584],[-1.757319,46.929319],[-1.75553,46.929759],[-1.751609,46.929931],[-1.751078,46.92958],[-1.75041,46.930528],[-1.748407,46.929546],[-1.748703,46.928981],[-1.74839,46.928445],[-1.747606,46.928146],[-1.746903,46.928214],[-1.746941,46.928653],[-1.746376,46.928602],[-1.74545,46.92794],[-1.747547,46.925265],[-1.74748,46.923649],[-1.743643,46.923028],[-1.74216,46.921714],[-1.742724,46.920534],[-1.744688,46.919202],[-1.745606,46.919133],[-1.746051,46.918578],[-1.746386,46.917807],[-1.74596,46.916693],[-1.745501,46.916331],[-1.744007,46.916172],[-1.742291,46.915498],[-1.741254,46.915746],[-1.740725,46.915359],[-1.740006,46.915418],[-1.739676,46.915056],[-1.738667,46.914925],[-1.738672,46.91413],[-1.737843,46.913846],[-1.73769,46.912903],[-1.736622,46.912671],[-1.736434,46.911378],[-1.73555,46.911119],[-1.735394,46.909992],[-1.736933,46.908169],[-1.738266,46.907384],[-1.738903,46.905474],[-1.737295,46.904336],[-1.737771,46.903731],[-1.736733,46.903228],[-1.735877,46.901535],[-1.735773,46.899978],[-1.736749,46.898997],[-1.736109,46.897736],[-1.737326,46.896896],[-1.737236,46.895889],[-1.736185,46.894579],[-1.734968,46.894209],[-1.734911,46.892867],[-1.734161,46.892345],[-1.733985,46.891473],[-1.731995,46.890284],[-1.731639,46.889547],[-1.731932,46.889022],[-1.731213,46.888879],[-1.731578,46.888417],[-1.730954,46.888306],[-1.731119,46.887932],[-1.728455,46.887709],[-1.727618,46.887332],[-1.726551,46.887614],[-1.726475,46.887025],[-1.725683,46.887094],[-1.726072,46.886515],[-1.72542,46.886423],[-1.724914,46.885596],[-1.723588,46.884852],[-1.723393,46.884109],[-1.722709,46.883703],[-1.721937,46.884153],[-1.720217,46.88433],[-1.71901,46.885033],[-1.717409,46.885004],[-1.716304,46.884426],[-1.716169,46.885007],[-1.714236,46.884795],[-1.712644,46.884951],[-1.709189,46.886266],[-1.70819,46.885946],[-1.70721,46.886033],[-1.704913,46.887837],[-1.70257,46.887473],[-1.701159,46.888164],[-1.699341,46.887909],[-1.698909,46.888262],[-1.697676,46.88834],[-1.697162,46.889249],[-1.695587,46.889584],[-1.694329,46.889373],[-1.693987,46.889768],[-1.693515,46.889582],[-1.692975,46.890227],[-1.69139,46.890098],[-1.688537,46.890681],[-1.688207,46.890285],[-1.687409,46.890133],[-1.686945,46.890656],[-1.686553,46.890652],[-1.685726,46.890069],[-1.685967,46.888739],[-1.684994,46.888204],[-1.685043,46.887634],[-1.683869,46.886595],[-1.684095,46.88596],[-1.682839,46.884045],[-1.680774,46.883576],[-1.679927,46.882908],[-1.679457,46.882948],[-1.679116,46.882414],[-1.678512,46.88243],[-1.678547,46.88194],[-1.677953,46.881851],[-1.67809,46.881567],[-1.677594,46.88151],[-1.677374,46.880881],[-1.676515,46.880938],[-1.676555,46.880357],[-1.675672,46.880109],[-1.675191,46.880396],[-1.67441,46.88014],[-1.674105,46.880318],[-1.673864,46.879448],[-1.67317,46.879028],[-1.672347,46.8793],[-1.671909,46.878799],[-1.670492,46.878611],[-1.670102,46.876882],[-1.669471,46.87645],[-1.666618,46.875678],[-1.665534,46.875789],[-1.665298,46.874775],[-1.66419,46.874663],[-1.662821,46.875261],[-1.663131,46.875634],[-1.66263,46.87584],[-1.659576,46.876361],[-1.659666,46.876791],[-1.658114,46.877463],[-1.65842,46.878613],[-1.654941,46.878546],[-1.648393,46.879198],[-1.643776,46.879],[-1.640313,46.878476],[-1.637489,46.8757],[-1.637169,46.873924],[-1.640579,46.868427],[-1.641383,46.86228],[-1.641717,46.86172],[-1.644841,46.860032],[-1.645332,46.859243],[-1.645063,46.858097],[-1.642336,46.855888],[-1.642347,46.853838],[-1.643215,46.852867],[-1.644432,46.852189],[-1.649001,46.850681],[-1.651006,46.849608],[-1.651604,46.847974],[-1.651407,46.84385],[-1.652173,46.842817],[-1.657496,46.838157],[-1.657759,46.837345],[-1.657004,46.83603],[-1.659686,46.83504],[-1.664535,46.833987],[-1.667898,46.832487],[-1.670333,46.832549],[-1.672838,46.833843],[-1.675126,46.834596],[-1.680731,46.835447],[-1.685022,46.836598],[-1.689863,46.83815],[-1.695963,46.841073],[-1.705647,46.842157],[-1.710328,46.841964],[-1.712094,46.841433],[-1.715222,46.839618],[-1.716204,46.839501],[-1.718897,46.840504],[-1.721238,46.842128],[-1.722455,46.842102],[-1.723688,46.841777],[-1.726932,46.839995],[-1.736749,46.838038],[-1.74289,46.838652],[-1.74674,46.841083],[-1.749844,46.84142],[-1.751559,46.840994],[-1.757879,46.837221],[-1.759597,46.83716],[-1.765639,46.837981],[-1.769058,46.838032],[-1.772901,46.836304],[-1.774715,46.83582],[-1.77582,46.836102],[-1.780459,46.839276],[-1.784612,46.839334],[-1.789177,46.838302],[-1.790721,46.837656],[-1.794834,46.833451],[-1.796303,46.832815],[-1.799189,46.832325],[-1.799668,46.831969],[-1.801223,46.828592],[-1.803466,46.827281],[-1.805033,46.82563],[-1.804314,46.824553],[-1.801276,46.82313],[-1.800117,46.822217],[-1.799614,46.820704],[-1.801048,46.819481],[-1.802786,46.818697],[-1.803598,46.818677],[-1.805287,46.81776],[-1.809294,46.814768],[-1.810513,46.814205],[-1.815203,46.813471],[-1.818625,46.814017],[-1.820362,46.81492],[-1.821831,46.816178],[-1.823476,46.818775],[-1.824555,46.819788],[-1.82647,46.820782],[-1.832632,46.822442],[-1.837049,46.824043],[-1.840872,46.82461],[-1.846338,46.824138],[-1.856791,46.82474],[-1.858545,46.824313],[-1.860623,46.823068],[-1.861195,46.820299],[-1.862867,46.815852],[-1.868102,46.810294],[-1.867319,46.808434],[-1.867723,46.805916],[-1.872574,46.804654],[-1.872967,46.80464],[-1.873157,46.805398],[-1.874462,46.805305],[-1.87449,46.805665],[-1.87567,46.805666],[-1.878106,46.808279],[-1.878258,46.809382],[-1.8801,46.809846],[-1.880961,46.810551],[-1.887145,46.810507],[-1.893438,46.80843],[-1.900707,46.80853],[-1.903086,46.811397],[-1.9028,46.813618],[-1.906156,46.813241],[-1.912217,46.815318],[-1.916871,46.816177],[-1.916562,46.816809],[-1.916848,46.817155],[-1.918741,46.816976],[-1.920112,46.815749],[-1.921333,46.815348],[-1.924637,46.815741],[-1.926292,46.820233],[-1.927403,46.820192],[-1.928947,46.82063],[-1.929645,46.821145],[-1.93075,46.821013],[-1.931688,46.821248],[-1.931913,46.82079],[-1.932906,46.820888],[-1.932924,46.821112],[-1.934126,46.821383],[-1.934158,46.821787],[-1.935406,46.821786],[-1.936629,46.822325],[-1.937463,46.822069],[-1.941782,46.823574],[-1.94224,46.823557],[-1.942534,46.823142],[-1.943194,46.820683],[-1.944581,46.820812],[-1.94452,46.820048],[-1.945235,46.81912],[-1.950692,46.81761],[-1.952456,46.816687],[-1.953149,46.81549],[-1.954432,46.815126],[-1.955833,46.813768],[-1.957332,46.813621],[-1.959228,46.814361],[-1.962499,46.814238],[-1.964609,46.816006],[-1.965746,46.816278],[-1.966189,46.816081],[-1.966295,46.814951],[-1.965033,46.813918],[-1.96463,46.812986],[-1.966105,46.812571],[-1.965734,46.810377],[-1.966673,46.809801],[-1.969917,46.810175],[-1.9725,46.808816],[-1.973085,46.807938],[-1.971997,46.806627],[-1.972869,46.805243],[-1.975689,46.806038],[-1.976604,46.806003],[-1.979946,46.805111],[-1.981254,46.80425],[-1.981401,46.802804],[-1.979669,46.799869],[-1.978212,46.79986],[-1.977815,46.798974],[-1.976713,46.798341],[-1.975206,46.798352],[-1.974494,46.797658],[-1.974788,46.797241],[-1.975879,46.79693],[-1.976144,46.796154],[-1.978282,46.795803],[-1.978609,46.79498],[-1.9774,46.79462],[-1.977313,46.794353],[-1.979789,46.792502],[-1.979626,46.791292],[-1.981861,46.789721],[-1.984328,46.790214],[-1.985575,46.791022],[-1.986465,46.790673],[-1.989182,46.788588],[-1.989478,46.787361],[-1.988456,46.785237],[-1.983319,46.78417],[-1.983948,46.78302],[-1.982145,46.780971],[-1.982491,46.780372],[-1.983443,46.779975],[-1.983426,46.778129],[-1.982692,46.777165],[-1.981767,46.774632],[-1.980999,46.774031],[-1.980927,46.773132],[-1.97937,46.771704],[-1.977479,46.771821],[-1.977051,46.771387],[-1.97368,46.771063],[-1.9734,46.770849],[-1.973526,46.769132],[-1.972088,46.767564],[-1.971083,46.767287],[-1.96901,46.76759],[-1.968025,46.765916],[-1.965477,46.76439],[-1.965869,46.763564],[-1.964636,46.762078],[-1.965495,46.760514],[-1.965482,46.759524],[-1.965181,46.759039],[-1.964168,46.758672],[-1.96372,46.757968],[-1.963623,46.756756],[-1.964036,46.756199],[-1.963819,46.754315],[-1.964432,46.753751],[-1.965121,46.754176],[-1.966576,46.754347],[-1.968001,46.753302],[-1.968984,46.753309],[-1.971658,46.752308],[-1.972,46.751664],[-1.96983,46.750756],[-1.96989,46.749041],[-1.970685,46.748335],[-1.972429,46.747999],[-1.973333,46.747019],[-1.974033,46.746767],[-1.975747,46.746882],[-1.977107,46.748318],[-1.979873,46.749295],[-1.981841,46.748499],[-1.982135,46.748894],[-1.983452,46.748979],[-1.98377,46.750499],[-1.985313,46.750936],[-1.987007,46.752449],[-1.988128,46.754163],[-1.989325,46.754388],[-1.992847,46.754165],[-1.993596,46.752875],[-1.995915,46.752382],[-1.997709,46.753485],[-1.999179,46.753834],[-2.001575,46.753472],[-2.002502,46.752762],[-2.00301,46.750131],[-2.004448,46.748711]]]},"properties":{"zone_id":"MARAIS_BRETON","libelle":"Marais breton","type_zone":"hydrogeol","ponderations":{"ips":0.4,"debit":0.3,"spi_3":0.3}}},{"type":"Feature","geometry":{"type":"MultiPolygon","coordinates":[[[[-1.293034,46.292836],[-1.296153,46.292635],[-1.293786,46.291655],[-1.292191,46.291382],[-1.28949,46.291616],[-1.288556,46.291434],[-1.285657,46.292002],[-1.282694,46.292211],[-1.284047,46.291873],[-1.286127,46.291856],[-1.28929,46.291056],[-1.288556,46.291326],[-1.294508,46.29112],[-1.293273,46.290921],[-1.293702,46.290751],[-1.292678,46.290299],[-1.291358,46.290223],[-1.291601,46.289993],[-1.289931,46.289236],[-1.283515,46.288907],[-1.281926,46.289215],[-1.282721,46.288731],[-1.28683,46.288884],[-1.28827,46.288523],[-1.286005,46.288141],[-1.287018,46.28793],[-1.285663,46.287761],[-1.286547,46.287686],[-1.28531,46.287453],[-1.285449,46.287214],[-1.284743,46.286974],[-1.281549,46.286226],[-1.280238,46.286423],[-1.279336,46.286205],[-1.27998,46.285956],[-1.282819,46.286183],[-1.287052,46.287509],[-1.294757,46.291038],[-1.300297,46.294143],[-1.302224,46.29559],[-1.308027,46.301849],[-1.312002,46.304752],[-1.314497,46.308691],[-1.316244,46.312373],[-1.315842,46.310822],[-1.318301,46.315759],[-1.317963,46.315745],[-1.319081,46.317288],[-1.322147,46.320408],[-1.319932,46.317953],[-1.322128,46.319959],[-1.325069,46.323458],[-1.324893,46.323668],[-1.325413,46.323809],[-1.329102,46.327535],[-1.329005,46.327785],[-1.329564,46.327817],[-1.339898,46.334345],[-1.348011,46.339154],[-1.353346,46.341906],[-1.354456,46.342805],[-1.352336,46.341715],[-1.349285,46.340922],[-1.349519,46.340697],[-1.347009,46.339663],[-1.34668,46.338708],[-1.344609,46.338076],[-1.344148,46.337488],[-1.34272,46.336917],[-1.341676,46.337375],[-1.342319,46.336536],[-1.341717,46.336243],[-1.340863,46.336289],[-1.339941,46.33523],[-1.339315,46.335152],[-1.337876,46.333991],[-1.337424,46.334152],[-1.33712,46.333554],[-1.335097,46.333736],[-1.333506,46.33467],[-1.335818,46.335869],[-1.336634,46.336778],[-1.338348,46.337352],[-1.338932,46.338193],[-1.340596,46.339105],[-1.341757,46.340612],[-1.347127,46.342658],[-1.347849,46.343597],[-1.351414,46.343932],[-1.352881,46.345671],[-1.356173,46.346265],[-1.357833,46.34799],[-1.360825,46.347831],[-1.36218,46.348231],[-1.36243,46.348838],[-1.36373,46.348556],[-1.368282,46.349296],[-1.369635,46.34908],[-1.36992,46.349294],[-1.372028,46.349275],[-1.373889,46.348965],[-1.375756,46.348461],[-1.377307,46.347489],[-1.376322,46.346731],[-1.376345,46.344946],[-1.371481,46.345675],[-1.370905,46.346341],[-1.369463,46.346516],[-1.368366,46.346233],[-1.368382,46.345973],[-1.375284,46.344395],[-1.377149,46.343329],[-1.379406,46.342852],[-1.382736,46.341653],[-1.386488,46.340982],[-1.389311,46.341302],[-1.390305,46.34168],[-1.39699,46.340933],[-1.401,46.341186],[-1.40242,46.34093],[-1.407078,46.342939],[-1.409127,46.343373],[-1.412546,46.345059],[-1.41673,46.346445],[-1.423358,46.347521],[-1.425299,46.347017],[-1.428712,46.344307],[-1.428988,46.343024],[-1.428693,46.343053],[-1.427202,46.342563],[-1.428765,46.343037],[-1.429096,46.342946],[-1.432499,46.343475],[-1.434329,46.34292],[-1.434375,46.342742],[-1.433473,46.342917],[-1.435956,46.341786],[-1.437916,46.340104],[-1.443447,46.34102],[-1.44888,46.340671],[-1.454111,46.341301],[-1.457331,46.342014],[-1.46629,46.342572],[-1.468304,46.343364],[-1.471204,46.346014],[-1.471567,46.347793],[-1.476009,46.358228],[-1.478498,46.366004],[-1.483569,46.37353],[-1.486917,46.379662],[-1.494975,46.390032],[-1.5027,46.398196],[-1.503096,46.399387],[-1.502813,46.402279],[-1.500982,46.404359],[-1.499278,46.405047],[-1.490031,46.405357],[-1.48591,46.406153],[-1.487922,46.407376],[-1.487442,46.408736],[-1.488009,46.409449],[-1.487857,46.410197],[-1.488267,46.410857],[-1.491413,46.411609],[-1.492336,46.412228],[-1.492377,46.412815],[-1.490618,46.41411],[-1.489523,46.416203],[-1.487756,46.416096],[-1.487474,46.416398],[-1.488028,46.417805],[-1.489791,46.418291],[-1.49314,46.418054],[-1.493763,46.418263],[-1.493676,46.418768],[-1.49173,46.418687],[-1.488457,46.420016],[-1.486293,46.418996],[-1.483972,46.41898],[-1.481822,46.417312],[-1.480832,46.41789],[-1.479766,46.417403],[-1.477442,46.417103],[-1.475996,46.417257],[-1.475148,46.417705],[-1.474429,46.416952],[-1.473149,46.416871],[-1.472137,46.417574],[-1.469535,46.416781],[-1.469456,46.416092],[-1.468329,46.415384],[-1.466683,46.415692],[-1.464433,46.415159],[-1.462584,46.416061],[-1.462207,46.415001],[-1.460244,46.413811],[-1.459421,46.413753],[-1.458449,46.414143],[-1.458024,46.415457],[-1.457651,46.413141],[-1.456566,46.412801],[-1.455919,46.411354],[-1.454513,46.411631],[-1.453117,46.411175],[-1.452907,46.409482],[-1.449563,46.409562],[-1.44738,46.407811],[-1.443627,46.407695],[-1.442702,46.407197],[-1.441575,46.405858],[-1.440464,46.406064],[-1.439316,46.406697],[-1.439258,46.405068],[-1.436804,46.403222],[-1.436247,46.401194],[-1.434381,46.400087],[-1.431787,46.400441],[-1.430531,46.398646],[-1.429201,46.397625],[-1.425162,46.397698],[-1.422898,46.398079],[-1.421831,46.398569],[-1.421736,46.397284],[-1.42081,46.395545],[-1.418401,46.393841],[-1.416419,46.393477],[-1.413005,46.393977],[-1.413198,46.392777],[-1.412448,46.392093],[-1.408463,46.393309],[-1.406567,46.393347],[-1.405323,46.392695],[-1.404739,46.391897],[-1.403128,46.391731],[-1.400911,46.392514],[-1.401845,46.395223],[-1.400673,46.397516],[-1.401221,46.398687],[-1.402217,46.399312],[-1.403953,46.399761],[-1.405158,46.400699],[-1.405615,46.405097],[-1.404962,46.405758],[-1.402657,46.406226],[-1.402058,46.404028],[-1.400282,46.403663],[-1.395787,46.403567],[-1.392914,46.40492],[-1.392582,46.404666],[-1.392774,46.403322],[-1.392316,46.402839],[-1.385099,46.402524],[-1.383738,46.402501],[-1.382548,46.403247],[-1.383674,46.404444],[-1.383513,46.404788],[-1.379549,46.40426],[-1.377119,46.40447],[-1.375063,46.405078],[-1.371953,46.407492],[-1.370957,46.409669],[-1.371103,46.41121],[-1.372928,46.412403],[-1.379057,46.415094],[-1.379022,46.415781],[-1.378572,46.416042],[-1.377254,46.416304],[-1.375314,46.41614],[-1.373926,46.416457],[-1.372778,46.416206],[-1.371262,46.417098],[-1.370521,46.417214],[-1.36956,46.416104],[-1.367985,46.415167],[-1.367224,46.413197],[-1.366641,46.412569],[-1.365856,46.412345],[-1.365197,46.412576],[-1.361484,46.416649],[-1.359683,46.418112],[-1.359195,46.418887],[-1.359168,46.420401],[-1.358259,46.42012],[-1.355872,46.420729],[-1.355339,46.421073],[-1.354733,46.422363],[-1.353451,46.42208],[-1.349045,46.422896],[-1.346911,46.424019],[-1.346177,46.424966],[-1.343135,46.426006],[-1.341662,46.427211],[-1.340092,46.427017],[-1.337917,46.428283],[-1.334907,46.428493],[-1.332853,46.429415],[-1.331618,46.42959],[-1.327424,46.431207],[-1.323197,46.433793],[-1.322659,46.433423],[-1.322259,46.430022],[-1.32176,46.429594],[-1.319032,46.428975],[-1.318647,46.427378],[-1.317816,46.426679],[-1.319165,46.426093],[-1.320795,46.424739],[-1.321528,46.423637],[-1.321501,46.42163],[-1.320964,46.420865],[-1.319614,46.419979],[-1.317752,46.418955],[-1.315001,46.418013],[-1.312317,46.417682],[-1.303494,46.417853],[-1.300487,46.418264],[-1.296701,46.419245],[-1.297062,46.418046],[-1.29316,46.414942],[-1.291423,46.41429],[-1.287041,46.41785],[-1.286053,46.418135],[-1.285883,46.417565],[-1.287431,46.415248],[-1.288075,46.413302],[-1.286948,46.411474],[-1.281987,46.409802],[-1.279707,46.408409],[-1.27343,46.406972],[-1.271774,46.406064],[-1.271064,46.404923],[-1.269609,46.404041],[-1.27238,46.41573],[-1.268644,46.42485],[-1.276084,46.445487],[-1.252898,46.449365],[-1.248168,46.443511],[-1.25171,46.431389],[-1.248557,46.426553],[-1.246896,46.426454],[-1.243209,46.430153],[-1.243757,46.431665],[-1.244243,46.436093],[-1.242807,46.437269],[-1.241993,46.438589],[-1.240554,46.439508],[-1.236584,46.440548],[-1.235661,46.441759],[-1.236492,46.442021],[-1.237314,46.442793],[-1.238994,46.44233],[-1.239156,46.444177],[-1.24113,46.445204],[-1.242452,46.445132],[-1.24249,46.445505],[-1.242202,46.445849],[-1.2388,46.447139],[-1.235392,46.447319],[-1.234823,46.447625],[-1.234746,46.448155],[-1.23883,46.449649],[-1.240441,46.450874],[-1.24191,46.45105],[-1.242171,46.451667],[-1.241793,46.451843],[-1.237609,46.451548],[-1.234585,46.452183],[-1.234343,46.452985],[-1.236333,46.454855],[-1.235622,46.455256],[-1.235322,46.456121],[-1.235223,46.456827],[-1.235705,46.457724],[-1.2348,46.458108],[-1.233482,46.459888],[-1.232473,46.460293],[-1.231903,46.460165],[-1.23011,46.457697],[-1.229438,46.457806],[-1.228898,46.459203],[-1.228152,46.45964],[-1.227048,46.459166],[-1.226634,46.458076],[-1.225382,46.457744],[-1.224408,46.456696],[-1.223789,46.457066],[-1.223493,46.458762],[-1.222269,46.459492],[-1.222103,46.460012],[-1.221346,46.460286],[-1.220379,46.46012],[-1.219288,46.459236],[-1.21983,46.455659],[-1.219255,46.455727],[-1.217871,46.45518],[-1.214594,46.454954],[-1.21241,46.453531],[-1.211002,46.453494],[-1.21014,46.456077],[-1.212369,46.457673],[-1.213467,46.460269],[-1.215884,46.462544],[-1.215822,46.464088],[-1.214764,46.463525],[-1.212287,46.461087],[-1.210382,46.460723],[-1.210258,46.459646],[-1.208189,46.458508],[-1.207069,46.457208],[-1.203874,46.455561],[-1.202823,46.455809],[-1.200952,46.457565],[-1.202445,46.460153],[-1.202178,46.460229],[-1.201598,46.45997],[-1.200419,46.460059],[-1.19987,46.459177],[-1.199029,46.458985],[-1.198424,46.458166],[-1.197484,46.457739],[-1.197199,46.455786],[-1.19624,46.454544],[-1.194062,46.45542],[-1.19271,46.457245],[-1.191847,46.457216],[-1.190657,46.454681],[-1.187407,46.45476],[-1.188376,46.453181],[-1.188311,46.452469],[-1.187172,46.451412],[-1.185523,46.451081],[-1.185115,46.451159],[-1.185289,46.452468],[-1.184314,46.454065],[-1.184119,46.455922],[-1.183554,46.456421],[-1.18297,46.456226],[-1.182325,46.454823],[-1.180269,46.454384],[-1.181368,46.454033],[-1.182453,46.452743],[-1.182061,46.451388],[-1.181397,46.451107],[-1.179246,46.451894],[-1.177453,46.450311],[-1.175704,46.450808],[-1.173157,46.450232],[-1.1706,46.450459],[-1.168786,46.449934],[-1.16746,46.449982],[-1.165186,46.45118],[-1.165046,46.452878],[-1.164592,46.45336],[-1.163045,46.450695],[-1.163004,46.44943],[-1.163843,46.447369],[-1.162922,46.446469],[-1.161769,46.446092],[-1.160416,46.446092],[-1.158669,46.447801],[-1.157415,46.447914],[-1.155602,46.447421],[-1.153326,46.44566],[-1.151295,46.444963],[-1.148626,46.444515],[-1.144005,46.442897],[-1.143085,46.443377],[-1.142895,46.444538],[-1.144799,46.447223],[-1.143742,46.4481],[-1.143806,46.448919],[-1.146946,46.450676],[-1.14909,46.454757],[-1.147641,46.454574],[-1.146923,46.4549],[-1.146097,46.454617],[-1.142905,46.454985],[-1.139482,46.454804],[-1.137589,46.45513],[-1.137163,46.454346],[-1.135414,46.453722],[-1.132371,46.453346],[-1.131711,46.453513],[-1.13156,46.452497],[-1.130939,46.452685],[-1.130504,46.453869],[-1.129259,46.453867],[-1.126885,46.453225],[-1.125291,46.453222],[-1.124026,46.453763],[-1.123092,46.455221],[-1.122138,46.455732],[-1.117366,46.455773],[-1.117488,46.454419],[-1.115507,46.4527],[-1.113276,46.452475],[-1.109861,46.453165],[-1.10885,46.452893],[-1.108415,46.452324],[-1.108259,46.449579],[-1.105935,46.447437],[-1.102427,46.4477],[-1.099666,46.447115],[-1.099161,46.446165],[-1.099955,46.44354],[-1.099797,46.442737],[-1.09867,46.441873],[-1.096945,46.441646],[-1.095241,46.442807],[-1.092103,46.443514],[-1.09115,46.444131],[-1.090806,46.445057],[-1.091008,46.447026],[-1.088976,46.449343],[-1.088801,46.450165],[-1.09279,46.45317],[-1.093489,46.454216],[-1.094863,46.454776],[-1.098493,46.457685],[-1.099029,46.459126],[-1.100402,46.460153],[-1.100691,46.461442],[-1.10257,46.461873],[-1.100962,46.462397],[-1.100281,46.463079],[-1.10055,46.463409],[-1.102034,46.46381],[-1.102223,46.465713],[-1.101103,46.465324],[-1.099923,46.465881],[-1.09892,46.465872],[-1.097161,46.464137],[-1.094227,46.463421],[-1.090949,46.463255],[-1.088565,46.461528],[-1.086127,46.460912],[-1.081576,46.4615],[-1.080064,46.459553],[-1.07893,46.459259],[-1.076137,46.460536],[-1.075508,46.461118],[-1.075421,46.462559],[-1.076537,46.463725],[-1.076336,46.465411],[-1.077573,46.467249],[-1.079544,46.468793],[-1.07996,46.470278],[-1.081473,46.470919],[-1.084067,46.470929],[-1.085116,46.471461],[-1.083182,46.471594],[-1.081,46.472461],[-1.080795,46.473018],[-1.079989,46.473376],[-1.08005,46.474792],[-1.079118,46.475076],[-1.076574,46.472741],[-1.075121,46.472508],[-1.073116,46.47276],[-1.071454,46.47194],[-1.069547,46.472351],[-1.068041,46.471913],[-1.066896,46.472121],[-1.065612,46.472955],[-1.0649,46.47446],[-1.064668,46.47292],[-1.065589,46.472109],[-1.067766,46.471188],[-1.068039,46.469276],[-1.06723,46.46866],[-1.065699,46.46876],[-1.064888,46.469226],[-1.064553,46.470333],[-1.0637,46.470494],[-1.059332,46.468973],[-1.05888,46.467763],[-1.057492,46.467357],[-1.056185,46.467755],[-1.055133,46.468831],[-1.054225,46.468898],[-1.054527,46.46808],[-1.054111,46.466652],[-1.052242,46.464734],[-1.054034,46.462696],[-1.053446,46.46054],[-1.052632,46.459982],[-1.051083,46.460087],[-1.048211,46.461943],[-1.047873,46.460048],[-1.045462,46.459146],[-1.042169,46.459637],[-1.041835,46.460762],[-1.039475,46.460057],[-1.039498,46.461025],[-1.042732,46.463111],[-1.041146,46.463793],[-1.04122,46.464291],[-1.042087,46.464932],[-1.041787,46.465137],[-1.039976,46.464209],[-1.040037,46.463233],[-1.039124,46.462494],[-1.037477,46.462151],[-1.037585,46.46171],[-1.03711,46.461439],[-1.037361,46.460672],[-1.036457,46.460682],[-1.03396,46.461482],[-1.032663,46.461352],[-1.033493,46.462432],[-1.034477,46.462578],[-1.03466,46.462932],[-1.033678,46.463097],[-1.033712,46.463623],[-1.032183,46.464155],[-1.030168,46.463447],[-1.02969,46.464324],[-1.030147,46.465003],[-1.03263,46.465771],[-1.032775,46.466406],[-1.032388,46.466844],[-1.030749,46.467476],[-1.029016,46.467176],[-1.027597,46.4676],[-1.027387,46.466688],[-1.025531,46.466225],[-1.02479,46.46665],[-1.024465,46.467443],[-1.023034,46.467319],[-1.022461,46.46677],[-1.023094,46.46641],[-1.023105,46.466026],[-1.021572,46.464588],[-1.020743,46.464279],[-1.021068,46.463641],[-1.019741,46.461565],[-1.017239,46.460332],[-1.017647,46.459465],[-1.017156,46.458378],[-1.01595,46.457614],[-1.014621,46.457336],[-1.015003,46.456128],[-1.01571,46.455472],[-1.01548,46.454502],[-1.01475,46.45409],[-1.01255,46.453951],[-1.011702,46.453435],[-1.010056,46.453597],[-1.009792,46.454783],[-1.010401,46.455447],[-1.009074,46.456285],[-1.008181,46.455503],[-1.008539,46.455148],[-1.008511,46.45316],[-1.01037,46.451737],[-1.012029,46.451093],[-1.012502,46.450342],[-1.012037,46.449461],[-1.009791,46.448904],[-1.008862,46.449356],[-1.005628,46.449853],[-1.007336,46.44799],[-1.006559,46.447057],[-1.0037,46.446391],[-1.002553,46.445646],[-1.001812,46.445582],[-1.001353,46.444782],[-1.000403,46.444491],[-0.999779,46.444824],[-0.999469,46.445939],[-0.998419,46.446589],[-0.998097,46.445797],[-0.996149,46.444774],[-0.995862,46.444224],[-0.99417,46.443871],[-0.993636,46.444514],[-0.993677,46.44508],[-0.99243,46.445833],[-0.991417,46.444467],[-0.98955,46.444247],[-0.988938,46.444485],[-0.988518,46.446044],[-0.987341,46.44663],[-0.985507,46.446628],[-0.983956,46.446097],[-0.982486,46.44634],[-0.982244,46.445728],[-0.983498,46.444681],[-0.983725,46.444046],[-0.983677,46.443388],[-0.982708,46.443209],[-0.982935,46.442754],[-0.98219,46.44145],[-0.98223,46.439443],[-0.981023,46.438812],[-0.978483,46.438521],[-0.974914,46.43967],[-0.974431,46.439227],[-0.974199,46.436417],[-0.973246,46.435371],[-0.972412,46.435254],[-0.970919,46.435883],[-0.969106,46.435978],[-0.969983,46.437484],[-0.969048,46.438083],[-0.968449,46.4381],[-0.967531,46.437634],[-0.96475,46.433712],[-0.963888,46.433136],[-0.962184,46.432985],[-0.958191,46.433974],[-0.956829,46.433669],[-0.954518,46.432372],[-0.953253,46.432337],[-0.949912,46.433834],[-0.948537,46.434002],[-0.94687,46.433793],[-0.945835,46.434096],[-0.944086,46.437329],[-0.943525,46.437701],[-0.943259,46.43698],[-0.943866,46.433598],[-0.94753,46.430604],[-0.947117,46.429572],[-0.945859,46.428606],[-0.944949,46.428263],[-0.941413,46.428237],[-0.939492,46.427933],[-0.934212,46.42812],[-0.933326,46.42852],[-0.932652,46.429337],[-0.932284,46.432591],[-0.931648,46.432681],[-0.930495,46.431729],[-0.929298,46.431421],[-0.926892,46.431632],[-0.925212,46.430165],[-0.922674,46.429223],[-0.92144,46.429317],[-0.921722,46.427035],[-0.921324,46.42626],[-0.920159,46.425502],[-0.915483,46.423643],[-0.914751,46.423583],[-0.913645,46.424099],[-0.913333,46.425308],[-0.912503,46.426405],[-0.910195,46.427896],[-0.909302,46.429041],[-0.909173,46.428018],[-0.909614,46.427492],[-0.91164,46.426371],[-0.9126,46.4252],[-0.912703,46.424112],[-0.911813,46.423321],[-0.913419,46.422493],[-0.913669,46.42188],[-0.913142,46.420978],[-0.912134,46.420752],[-0.910819,46.42107],[-0.910514,46.419933],[-0.909864,46.419486],[-0.908108,46.419195],[-0.907886,46.418878],[-0.908592,46.418263],[-0.911681,46.418008],[-0.911937,46.417477],[-0.910303,46.41641],[-0.906898,46.416459],[-0.905494,46.415565],[-0.904718,46.414163],[-0.903847,46.413408],[-0.901216,46.411727],[-0.898009,46.410592],[-0.895046,46.410441],[-0.894388,46.411279],[-0.891998,46.41224],[-0.888932,46.412335],[-0.886829,46.413282],[-0.883935,46.413458],[-0.881538,46.414928],[-0.881547,46.415437],[-0.883076,46.417394],[-0.883816,46.420268],[-0.885795,46.421977],[-0.886308,46.424225],[-0.888067,46.426852],[-0.887585,46.429375],[-0.887638,46.432402],[-0.885842,46.43521],[-0.884971,46.435847],[-0.883858,46.435922],[-0.884667,46.435178],[-0.884771,46.43418],[-0.884203,46.433116],[-0.881798,46.430712],[-0.881434,46.428406],[-0.881892,46.427423],[-0.881621,46.426343],[-0.877402,46.422825],[-0.876656,46.421428],[-0.875465,46.420665],[-0.875001,46.419604],[-0.87421,46.419512],[-0.873985,46.419219],[-0.874377,46.418507],[-0.873535,46.416807],[-0.874563,46.414007],[-0.878432,46.408603],[-0.880296,46.407703],[-0.887524,46.40773],[-0.888812,46.407484],[-0.890312,46.406656],[-0.890885,46.406912],[-0.892122,46.406877],[-0.894675,46.406323],[-0.897206,46.405145],[-0.897845,46.404398],[-0.89739,46.40338],[-0.899648,46.40198],[-0.901187,46.402167],[-0.902629,46.403113],[-0.904426,46.402759],[-0.906168,46.40114],[-0.909097,46.399313],[-0.910344,46.397003],[-0.910254,46.394481],[-0.910611,46.393653],[-0.88917,46.394264],[-0.88806,46.39453],[-0.887575,46.395978],[-0.88501,46.395921],[-0.883328,46.397173],[-0.883427,46.398842],[-0.884342,46.399289],[-0.886663,46.399504],[-0.886145,46.400527],[-0.885499,46.40076],[-0.884136,46.400443],[-0.882282,46.400522],[-0.879464,46.399702],[-0.878484,46.398744],[-0.877233,46.398223],[-0.877887,46.396958],[-0.873014,46.398122],[-0.869993,46.39775],[-0.869046,46.40039],[-0.867805,46.401784],[-0.863562,46.403519],[-0.862122,46.405374],[-0.860158,46.405701],[-0.858962,46.405406],[-0.859034,46.405217],[-0.860589,46.404618],[-0.862522,46.40269],[-0.864704,46.401843],[-0.865213,46.401372],[-0.864774,46.399525],[-0.862684,46.398427],[-0.863443,46.396231],[-0.86243,46.395145],[-0.861172,46.39521],[-0.860426,46.395501],[-0.859418,46.396646],[-0.858866,46.396747],[-0.85811,46.395109],[-0.858214,46.393213],[-0.857879,46.392792],[-0.85456,46.392201],[-0.853429,46.392289],[-0.851711,46.392939],[-0.851606,46.393612],[-0.852698,46.394968],[-0.852294,46.396166],[-0.850363,46.395291],[-0.848706,46.395238],[-0.848888,46.394803],[-0.850441,46.393832],[-0.852621,46.390806],[-0.850851,46.389532],[-0.848255,46.391219],[-0.84679,46.391614],[-0.846067,46.39251],[-0.843748,46.392433],[-0.841305,46.393044],[-0.839779,46.394858],[-0.835363,46.394952],[-0.833978,46.393194],[-0.831112,46.394659],[-0.829901,46.39487],[-0.829576,46.392734],[-0.832282,46.392017],[-0.832713,46.391605],[-0.832532,46.390651],[-0.831606,46.390304],[-0.8297,46.390602],[-0.826516,46.391976],[-0.825763,46.391825],[-0.826377,46.391103],[-0.823326,46.391568],[-0.822123,46.392114],[-0.820062,46.392067],[-0.811018,46.393446],[-0.798247,46.397903],[-0.799349,46.399123],[-0.801291,46.400198],[-0.80371,46.403075],[-0.806838,46.404809],[-0.808562,46.406762],[-0.811762,46.408859],[-0.812106,46.409619],[-0.814019,46.41125],[-0.818155,46.413766],[-0.820311,46.4162],[-0.822698,46.417878],[-0.824014,46.420246],[-0.826384,46.421933],[-0.826464,46.422521],[-0.825368,46.422851],[-0.822601,46.421497],[-0.819969,46.421535],[-0.817586,46.420713],[-0.815195,46.418693],[-0.813956,46.418536],[-0.811554,46.419162],[-0.810865,46.419063],[-0.811178,46.417669],[-0.810898,46.416763],[-0.809887,46.416076],[-0.807295,46.415202],[-0.806885,46.413841],[-0.806124,46.41319],[-0.804795,46.413086],[-0.801433,46.414099],[-0.799952,46.414212],[-0.798726,46.413748],[-0.796784,46.412329],[-0.795203,46.412513],[-0.793431,46.41222],[-0.790107,46.410676],[-0.786558,46.410028],[-0.785958,46.409318],[-0.784517,46.408698],[-0.78331,46.408892],[-0.781734,46.409891],[-0.780426,46.409785],[-0.774912,46.40784],[-0.77136,46.407182],[-0.765654,46.404414],[-0.763022,46.402455],[-0.761927,46.402112],[-0.759149,46.40192],[-0.757369,46.402253],[-0.756109,46.403165],[-0.755953,46.40477],[-0.75476,46.405233],[-0.752587,46.404818],[-0.749945,46.403404],[-0.744176,46.402038],[-0.742512,46.402945],[-0.742014,46.404358],[-0.739758,46.405032],[-0.739422,46.404944],[-0.739212,46.403418],[-0.739715,46.401373],[-0.738913,46.400683],[-0.730979,46.399415],[-0.729223,46.399391],[-0.72965,46.39894],[-0.73147,46.398231],[-0.731295,46.397691],[-0.730413,46.397468],[-0.730411,46.397229],[-0.732766,46.396075],[-0.733399,46.396392],[-0.733797,46.398015],[-0.734793,46.398614],[-0.737021,46.397594],[-0.738267,46.397562],[-0.741027,46.398125],[-0.747354,46.4006],[-0.7489,46.40045],[-0.74912,46.399901],[-0.747255,46.398182],[-0.744822,46.397636],[-0.741211,46.395597],[-0.707068,46.396281],[-0.698238,46.393515],[-0.696359,46.390066],[-0.695186,46.390434],[-0.694773,46.390921],[-0.695022,46.391922],[-0.691271,46.390403],[-0.691354,46.389661],[-0.69333,46.388006],[-0.694155,46.386808],[-0.694276,46.386243],[-0.693065,46.384018],[-0.689788,46.386922],[-0.686038,46.389004],[-0.683402,46.389486],[-0.681919,46.39103],[-0.680972,46.391286],[-0.680642,46.391026],[-0.681796,46.388086],[-0.683979,46.386546],[-0.685461,46.383578],[-0.685338,46.382919],[-0.683689,46.381517],[-0.679523,46.381273],[-0.67903,46.380919],[-0.679298,46.379892],[-0.680525,46.378635],[-0.681222,46.378392],[-0.683154,46.379217],[-0.685535,46.379073],[-0.68925,46.377013],[-0.6832,46.36898],[-0.681365,46.370364],[-0.67855,46.371726],[-0.677746,46.372644],[-0.677805,46.374788],[-0.676802,46.375834],[-0.67674,46.375264],[-0.676124,46.374779],[-0.675144,46.375469],[-0.671907,46.376195],[-0.67129,46.376625],[-0.671454,46.377652],[-0.672772,46.379196],[-0.67232,46.380026],[-0.670631,46.379824],[-0.668982,46.378881],[-0.663546,46.377789],[-0.662804,46.377416],[-0.662269,46.375847],[-0.664247,46.374364],[-0.664247,46.373935],[-0.662312,46.373047],[-0.661899,46.371762],[-0.661117,46.370931],[-0.65391,46.368011],[-0.649587,46.367068],[-0.64621,46.365806],[-0.642505,46.365316],[-0.640446,46.364629],[-0.638964,46.36217],[-0.638719,46.361002],[-0.639253,46.360259],[-0.641685,46.358491],[-0.642386,46.355949],[-0.64391,46.355495],[-0.646257,46.355465],[-0.647162,46.355269],[-0.648687,46.354328],[-0.651334,46.354024],[-0.640347,46.341189],[-0.639429,46.342405],[-0.63873,46.342464],[-0.638607,46.341237],[-0.639421,46.340107],[-0.637773,46.33818],[-0.637169,46.338376],[-0.636675,46.339063],[-0.637373,46.339749],[-0.636878,46.34086],[-0.632311,46.340257],[-0.629676,46.339512],[-0.626095,46.339423],[-0.625395,46.338878],[-0.62552,46.338252],[-0.623397,46.337729],[-0.627392,46.337891],[-0.62875,46.336158],[-0.62928,46.336197],[-0.633303,46.338782],[-0.633557,46.338354],[-0.634862,46.338466],[-0.635795,46.337553],[-0.637232,46.337022],[-0.637788,46.335809],[-0.637606,46.33493],[-0.638066,46.333583],[-0.637678,46.333536],[-0.638382,46.332691],[-0.63808,46.332052],[-0.638877,46.331298],[-0.639496,46.329034],[-0.638272,46.328416],[-0.638198,46.328615],[-0.636043,46.328028],[-0.635565,46.328298],[-0.636814,46.324307],[-0.643403,46.319446],[-0.644595,46.319335],[-0.648249,46.316962],[-0.653182,46.317488],[-0.6548,46.316701],[-0.656578,46.31502],[-0.657618,46.315105],[-0.661972,46.317039],[-0.672133,46.316336],[-0.674501,46.317404],[-0.675649,46.317582],[-0.676758,46.318503],[-0.678316,46.318317],[-0.697262,46.325092],[-0.707742,46.317627],[-0.710425,46.316976],[-0.716408,46.316872],[-0.717426,46.31633],[-0.718116,46.315437],[-0.720472,46.314842],[-0.721131,46.314065],[-0.721611,46.311348],[-0.724018,46.309809],[-0.718963,46.307765],[-0.717241,46.3076],[-0.715803,46.307112],[-0.717091,46.30635],[-0.716581,46.306195],[-0.719697,46.303069],[-0.721377,46.302982],[-0.721916,46.302432],[-0.72687,46.303547],[-0.728075,46.304084],[-0.730249,46.303722],[-0.732641,46.304093],[-0.733361,46.304448],[-0.73377,46.305361],[-0.734629,46.305054],[-0.741454,46.304974],[-0.747259,46.303067],[-0.748815,46.301687],[-0.74942,46.303942],[-0.751287,46.304975],[-0.758973,46.311958],[-0.762682,46.312826],[-0.766787,46.312797],[-0.768715,46.312373],[-0.770621,46.313448],[-0.775772,46.318622],[-0.779493,46.318337],[-0.785036,46.319167],[-0.787947,46.321174],[-0.78901,46.32249],[-0.794067,46.325089],[-0.80083,46.32468],[-0.802782,46.325257],[-0.80525,46.327563],[-0.807202,46.330292],[-0.807678,46.332983],[-0.806841,46.334393],[-0.805391,46.335776],[-0.799998,46.337286],[-0.796936,46.339167],[-0.797199,46.340369],[-0.799507,46.342245],[-0.803283,46.34289],[-0.804576,46.342773],[-0.805935,46.342169],[-0.807337,46.340104],[-0.808819,46.338932],[-0.814339,46.337674],[-0.817867,46.336471],[-0.821355,46.33597],[-0.824193,46.336012],[-0.825563,46.336339],[-0.827286,46.337476],[-0.829531,46.340661],[-0.831273,46.341898],[-0.834085,46.342164],[-0.839182,46.341004],[-0.840348,46.34046],[-0.846126,46.335374],[-0.848676,46.332406],[-0.848625,46.329617],[-0.84771,46.328624],[-0.845154,46.326903],[-0.844817,46.325205],[-0.845871,46.323186],[-0.846961,46.322177],[-0.848433,46.319472],[-0.84996,46.317697],[-0.853174,46.317389],[-0.859636,46.317657],[-0.861251,46.318021],[-0.862629,46.318854],[-0.863377,46.320272],[-0.863004,46.322135],[-0.861,46.323484],[-0.860417,46.325162],[-0.861749,46.326654],[-0.864318,46.327513],[-0.86589,46.327581],[-0.867738,46.32685],[-0.868705,46.325896],[-0.868603,46.323755],[-0.868933,46.323169],[-0.870131,46.322411],[-0.871588,46.322283],[-0.874204,46.32258],[-0.878242,46.324319],[-0.880261,46.324287],[-0.882536,46.323797],[-0.883859,46.324064],[-0.886491,46.326658],[-0.887097,46.326896],[-0.887836,46.326503],[-0.889576,46.323648],[-0.890818,46.323106],[-0.8929,46.323224],[-0.893541,46.322795],[-0.893778,46.321483],[-0.892769,46.319784],[-0.89376,46.317578],[-0.894526,46.316999],[-0.899579,46.316875],[-0.901552,46.315968],[-0.903717,46.314163],[-0.905431,46.314085],[-0.908749,46.31448],[-0.910551,46.313228],[-0.911657,46.312918],[-0.913513,46.313782],[-0.914699,46.315851],[-0.915698,46.31615],[-0.917027,46.31561],[-0.918105,46.314552],[-0.918802,46.313119],[-0.920216,46.312507],[-0.923146,46.313186],[-0.925522,46.315453],[-0.926874,46.315672],[-0.928712,46.314485],[-0.928976,46.312561],[-0.928491,46.310772],[-0.930359,46.310057],[-0.932378,46.310508],[-0.934205,46.311597],[-0.935397,46.314927],[-0.939365,46.31507],[-0.941117,46.315496],[-0.943473,46.318309],[-0.944978,46.318301],[-0.947103,46.317713],[-0.950139,46.319124],[-0.951022,46.319307],[-0.952433,46.318946],[-0.954052,46.320166],[-0.955581,46.320314],[-0.95621,46.321015],[-0.958955,46.321041],[-0.963118,46.32277],[-0.959404,46.324185],[-0.959443,46.324712],[-0.95675,46.325588],[-0.955844,46.327464],[-0.9539,46.329664],[-0.950268,46.331606],[-0.946155,46.335383],[-0.943807,46.336383],[-0.943137,46.337091],[-0.938926,46.345601],[-0.93856,46.352409],[-0.938121,46.35303],[-0.936013,46.354357],[-0.933829,46.362027],[-0.932154,46.36396],[-0.932022,46.365464],[-0.929536,46.368703],[-0.927446,46.37074],[-0.92974,46.371449],[-0.929787,46.371001],[-0.931212,46.37049],[-0.93411,46.367315],[-0.936746,46.366388],[-0.938679,46.36635],[-0.939965,46.367459],[-0.942068,46.368135],[-0.95109,46.360271],[-0.954762,46.361238],[-0.964967,46.365338],[-0.966991,46.361798],[-0.970151,46.358196],[-0.970532,46.354801],[-0.974806,46.351228],[-0.982042,46.35127],[-0.995071,46.350509],[-0.995402,46.350578],[-0.994962,46.351528],[-0.99838,46.354462],[-0.999566,46.354834],[-1.012848,46.349281],[-1.013556,46.352576],[-1.011943,46.354073],[-1.013404,46.355597],[-1.02922,46.348918],[-1.029912,46.351586],[-1.037843,46.347979],[-1.052461,46.34257],[-1.053418,46.349502],[-1.053691,46.349516],[-1.054694,46.346961],[-1.064716,46.335153],[-1.070297,46.330563],[-1.074506,46.328519],[-1.073424,46.327013],[-1.076344,46.325539],[-1.079528,46.325074],[-1.081356,46.323691],[-1.081447,46.322616],[-1.080698,46.321465],[-1.079408,46.320955],[-1.076215,46.320643],[-1.075164,46.320088],[-1.07456,46.318741],[-1.074899,46.317786],[-1.078041,46.316978],[-1.084538,46.316857],[-1.088402,46.317761],[-1.09173,46.317384],[-1.09347,46.316314],[-1.094936,46.31282],[-1.096472,46.312119],[-1.098016,46.312425],[-1.099088,46.315267],[-1.1001,46.316331],[-1.102104,46.316402],[-1.104536,46.314956],[-1.105327,46.314788],[-1.106362,46.317202],[-1.108532,46.318052],[-1.111104,46.318346],[-1.112886,46.319195],[-1.114368,46.321424],[-1.115038,46.32375],[-1.11548,46.323477],[-1.115092,46.323987],[-1.115699,46.323749],[-1.113767,46.32554],[-1.112724,46.329176],[-1.113031,46.329245],[-1.1174,46.328839],[-1.128729,46.320121],[-1.127761,46.320225],[-1.125497,46.319536],[-1.125583,46.318387],[-1.124916,46.317882],[-1.124776,46.316955],[-1.125072,46.31644],[-1.13024,46.313602],[-1.130854,46.311386],[-1.135545,46.311637],[-1.137934,46.312768],[-1.14003,46.311461],[-1.15118,46.318432],[-1.162884,46.323957],[-1.163889,46.325459],[-1.165329,46.329816],[-1.164937,46.331697],[-1.163738,46.332895],[-1.165121,46.332983],[-1.165593,46.332205],[-1.165549,46.332712],[-1.16631,46.332865],[-1.166705,46.332705],[-1.166445,46.329162],[-1.164649,46.323484],[-1.165361,46.32197],[-1.167349,46.319868],[-1.179126,46.319437],[-1.183445,46.318979],[-1.192442,46.317326],[-1.197222,46.315674],[-1.200539,46.314975],[-1.201401,46.316371],[-1.202837,46.316057],[-1.202844,46.313415],[-1.201423,46.31125],[-1.201609,46.310548],[-1.199875,46.30761],[-1.200004,46.307037],[-1.198807,46.305873],[-1.195852,46.300697],[-1.205256,46.29099],[-1.207521,46.287985],[-1.208718,46.278491],[-1.20548,46.271383],[-1.204905,46.27048],[-1.204313,46.270502],[-1.204021,46.269981],[-1.204442,46.269424],[-1.204941,46.269685],[-1.205527,46.269411],[-1.206975,46.269762],[-1.206081,46.26949],[-1.208426,46.269149],[-1.209081,46.268536],[-1.207927,46.268205],[-1.208178,46.267988],[-1.207709,46.267836],[-1.205568,46.267758],[-1.20601,46.267424],[-1.205805,46.267094],[-1.204792,46.267034],[-1.205261,46.266742],[-1.206852,46.267165],[-1.207543,46.267001],[-1.208536,46.267765],[-1.209303,46.267918],[-1.212656,46.270939],[-1.215657,46.272585],[-1.21735,46.27277],[-1.218876,46.273354],[-1.220098,46.273185],[-1.226011,46.276768],[-1.228888,46.277881],[-1.230555,46.277202],[-1.230428,46.277617],[-1.233498,46.280646],[-1.237137,46.282522],[-1.239784,46.284396],[-1.247619,46.29082],[-1.263578,46.299126],[-1.275143,46.306127],[-1.276384,46.308007],[-1.280149,46.309553],[-1.283235,46.31124],[-1.285887,46.311824],[-1.286233,46.312425],[-1.286592,46.312456],[-1.286891,46.311894],[-1.287936,46.313763],[-1.287254,46.31391],[-1.286616,46.312537],[-1.285638,46.31239],[-1.28456,46.31292],[-1.285915,46.314835],[-1.287699,46.316227],[-1.288505,46.315911],[-1.288876,46.315409],[-1.288456,46.314926],[-1.287976,46.314938],[-1.287117,46.314109],[-1.287037,46.313738],[-1.289056,46.315359],[-1.289635,46.316178],[-1.289403,46.316436],[-1.290072,46.316672],[-1.289279,46.317117],[-1.290107,46.317716],[-1.291143,46.317324],[-1.291428,46.317633],[-1.290897,46.318201],[-1.292044,46.319447],[-1.292583,46.319544],[-1.292607,46.319949],[-1.293935,46.319396],[-1.294293,46.319678],[-1.293889,46.319962],[-1.294819,46.319545],[-1.295218,46.319815],[-1.295471,46.320223],[-1.294308,46.320822],[-1.296249,46.320064],[-1.296479,46.320455],[-1.294475,46.321385],[-1.294913,46.32173],[-1.296236,46.321177],[-1.29664,46.321628],[-1.295207,46.3225],[-1.295823,46.32265],[-1.295774,46.322391],[-1.297095,46.321827],[-1.298214,46.321884],[-1.296002,46.323002],[-1.297203,46.322549],[-1.297397,46.322816],[-1.295948,46.32334],[-1.296205,46.323602],[-1.296558,46.323335],[-1.297435,46.323684],[-1.296634,46.324086],[-1.296215,46.323729],[-1.295703,46.323935],[-1.2977,46.324897],[-1.298007,46.325328],[-1.297604,46.325829],[-1.298141,46.325494],[-1.297845,46.324684],[-1.299111,46.324303],[-1.299463,46.324551],[-1.299853,46.325077],[-1.298822,46.325422],[-1.299733,46.325064],[-1.29917,46.324373],[-1.29792,46.324713],[-1.29857,46.325505],[-1.297765,46.326004],[-1.298064,46.326326],[-1.300537,46.325566],[-1.300646,46.325156],[-1.301395,46.32492],[-1.301898,46.325648],[-1.301309,46.325915],[-1.301478,46.326256],[-1.300247,46.326657],[-1.299698,46.326472],[-1.298896,46.327061],[-1.301855,46.326256],[-1.302013,46.326612],[-1.299831,46.32733],[-1.300538,46.327711],[-1.30208,46.327545],[-1.303331,46.328301],[-1.305451,46.327451],[-1.307349,46.327752],[-1.309352,46.3302],[-1.309434,46.330583],[-1.30874,46.330955],[-1.308505,46.331622],[-1.30899,46.331552],[-1.31023,46.33225],[-1.311033,46.332041],[-1.311032,46.332717],[-1.311711,46.332664],[-1.31492,46.334978],[-1.315858,46.335105],[-1.315977,46.335839],[-1.316534,46.33635],[-1.321126,46.33815],[-1.324804,46.340515],[-1.326201,46.339936],[-1.327054,46.339152],[-1.331669,46.340747],[-1.332794,46.341756],[-1.333793,46.343567],[-1.333706,46.345031],[-1.331568,46.349252],[-1.332279,46.34943],[-1.332908,46.349149],[-1.333147,46.349544],[-1.33499,46.349957],[-1.335482,46.34959],[-1.33678,46.349856],[-1.336706,46.348605],[-1.335648,46.347654],[-1.334973,46.347851],[-1.334907,46.347265],[-1.334375,46.347161],[-1.334383,46.346935],[-1.33526,46.347281],[-1.336308,46.346952],[-1.335042,46.343745],[-1.335398,46.343425],[-1.331607,46.338447],[-1.328576,46.336887],[-1.325787,46.336364],[-1.319925,46.333523],[-1.31772,46.334601],[-1.320332,46.335872],[-1.317424,46.334576],[-1.314262,46.332369],[-1.313712,46.331642],[-1.316236,46.330494],[-1.312369,46.327026],[-1.308684,46.325925],[-1.30686,46.323316],[-1.306895,46.323044],[-1.307757,46.322854],[-1.307172,46.323556],[-1.308817,46.325866],[-1.311354,46.326699],[-1.31178,46.326493],[-1.307744,46.322543],[-1.306493,46.322887],[-1.306576,46.322578],[-1.306069,46.32257],[-1.305531,46.32153],[-1.303108,46.319851],[-1.303556,46.319749],[-1.30578,46.321549],[-1.306487,46.321274],[-1.304661,46.316602],[-1.3038,46.31608],[-1.302049,46.316486],[-1.301459,46.315422],[-1.301765,46.315302],[-1.301423,46.313327],[-1.300729,46.313429],[-1.300418,46.312461],[-1.299541,46.312562],[-1.299051,46.311786],[-1.299129,46.311262],[-1.29794,46.309658],[-1.298698,46.309539],[-1.298585,46.309137],[-1.297669,46.309109],[-1.297387,46.307974],[-1.29784,46.307632],[-1.297797,46.306101],[-1.296209,46.306266],[-1.295783,46.305475],[-1.295183,46.305456],[-1.294913,46.305009],[-1.28993,46.304157],[-1.289661,46.30354],[-1.290919,46.302591],[-1.289677,46.301204],[-1.291467,46.30092],[-1.290596,46.300894],[-1.289341,46.299728],[-1.289322,46.299421],[-1.290368,46.298819],[-1.288574,46.297945],[-1.289002,46.297577],[-1.291935,46.297881],[-1.292957,46.298555],[-1.292888,46.298837],[-1.292215,46.298745],[-1.292457,46.299076],[-1.294551,46.298739],[-1.297412,46.299386],[-1.301908,46.301364],[-1.30532,46.302263],[-1.299468,46.299883],[-1.302857,46.300679],[-1.302686,46.300415],[-1.298716,46.298926],[-1.298524,46.298629],[-1.297304,46.298503],[-1.298246,46.298408],[-1.302144,46.299671],[-1.301086,46.298952],[-1.296777,46.297261],[-1.293402,46.296866],[-1.295365,46.29683],[-1.293279,46.296454],[-1.29676,46.296886],[-1.301086,46.298311],[-1.300314,46.297236],[-1.299704,46.297362],[-1.299769,46.297091],[-1.299487,46.297312],[-1.29956,46.296922],[-1.295755,46.295853],[-1.292675,46.295887],[-1.293253,46.295462],[-1.296564,46.295548],[-1.300871,46.296717],[-1.298667,46.29549],[-1.295315,46.29439],[-1.288316,46.294553],[-1.289669,46.294305],[-1.289267,46.294071],[-1.287697,46.294294],[-1.287344,46.29411],[-1.290089,46.293781],[-1.298346,46.294224],[-1.298346,46.293951],[-1.29672,46.293393],[-1.294386,46.29316],[-1.295184,46.293053],[-1.294464,46.292781],[-1.293034,46.292836]]],[[[-1.299018,46.32544],[-1.29931,46.325338],[-1.300428,46.324996],[-1.300208,46.32547],[-1.29902,46.325954],[-1.298636,46.325539],[-1.299018,46.32544]]],[[[-1.285338,46.294239],[-1.284946,46.294885],[-1.284369,46.294442],[-1.285049,46.294207],[-1.285338,46.294239]]],[[[-1.290703,46.296132],[-1.291807,46.296264],[-1.289048,46.296529],[-1.289855,46.296102],[-1.290703,46.296132]]],[[[-1.271742,46.284555],[-1.272811,46.284335],[-1.270588,46.284217],[-1.272755,46.283602],[-1.273669,46.283749],[-1.274804,46.284469],[-1.272823,46.284487],[-1.270681,46.285009],[-1.271742,46.284555]]],[[[-1.274058,46.285239],[-1.27497,46.28493],[-1.275661,46.285116],[-1.274471,46.285181],[-1.274058,46.285239]]],[[[-1.28307,46.287541],[-1.283991,46.28751],[-1.284639,46.287645],[-1.281949,46.287682],[-1.28307,46.287541]]],[[[-1.27853,46.288705],[-1.279606,46.288655],[-1.280429,46.288696],[-1.277379,46.288959],[-1.27853,46.288705]]],[[[-1.284244,46.293833],[-1.283543,46.294407],[-1.283466,46.294376],[-1.283603,46.294179],[-1.284244,46.293833]]],[[[-1.116528,46.325391],[-1.115913,46.325521],[-1.116169,46.325328],[-1.11581,46.324842],[-1.116528,46.325391]]]]},"properties":{"zone_id":"MARAIS_POITEVIN","libelle":"Marais poitevin","type_zone":"hydrogeol","ponderations":{"ips":0.4,"debit":0.3,"spi_3":0.3}}},{"type":"Feature","geometry":{"type":"MultiPolygon","coordinates":[[[[-1.619143,46.412872],[-1.621013,46.413368],[-1.623882,46.413124],[-1.624999,46.413755],[-1.627252,46.414304],[-1.628077,46.416472],[-1.63007,46.41795],[-1.633511,46.418217],[-1.635933,46.419329],[-1.639492,46.418852],[-1.640389,46.419128],[-1.642291,46.418949],[-1.645005,46.419851],[-1.646474,46.419656],[-1.647293,46.420091],[-1.648035,46.419777],[-1.648932,46.420656],[-1.651129,46.42088],[-1.651196,46.421205],[-1.651467,46.42101],[-1.653739,46.42185],[-1.654051,46.422152],[-1.653704,46.422221],[-1.653951,46.423329],[-1.654336,46.423449],[-1.654001,46.42349],[-1.654173,46.423989],[-1.651974,46.424818],[-1.65008,46.424698],[-1.647991,46.426453],[-1.647825,46.427901],[-1.647211,46.42888],[-1.648407,46.430868],[-1.648315,46.431883],[-1.646929,46.432515],[-1.646393,46.432368],[-1.64662,46.43225],[-1.644135,46.432318],[-1.642372,46.432047],[-1.643641,46.432337],[-1.643915,46.432903],[-1.6458,46.43413],[-1.64838,46.434772],[-1.649864,46.434687],[-1.650496,46.434587],[-1.649806,46.434516],[-1.650107,46.434207],[-1.65333,46.433735],[-1.654507,46.433264],[-1.65494,46.432676],[-1.655923,46.43266],[-1.659042,46.434274],[-1.661099,46.434368],[-1.663116,46.434909],[-1.665069,46.436595],[-1.667451,46.438],[-1.672492,46.438041],[-1.673504,46.438901],[-1.679137,46.438866],[-1.679114,46.439049],[-1.675721,46.439118],[-1.676109,46.439327],[-1.67622,46.440414],[-1.676887,46.440765],[-1.680547,46.440904],[-1.680217,46.439574],[-1.679436,46.439607],[-1.68017,46.439413],[-1.679741,46.43843],[-1.678946,46.438155],[-1.679484,46.438036],[-1.68026,46.438706],[-1.680872,46.44129],[-1.687676,46.442725],[-1.689153,46.442391],[-1.692967,46.444613],[-1.694484,46.445055],[-1.695043,46.445995],[-1.691012,46.446138],[-1.685168,46.443663],[-1.68075,46.442261],[-1.676116,46.441686],[-1.668879,46.440162],[-1.666388,46.440196],[-1.665422,46.440721],[-1.661187,46.44571],[-1.66164,46.449597],[-1.663596,46.452008],[-1.663051,46.45214],[-1.656576,46.450568],[-1.65441,46.447723],[-1.649901,46.444987],[-1.648227,46.443285],[-1.647215,46.443064],[-1.645343,46.443442],[-1.644498,46.44433],[-1.644207,46.445998],[-1.643456,46.447053],[-1.638842,46.44733],[-1.636189,46.448395],[-1.635126,46.450282],[-1.630708,46.450017],[-1.629038,46.449175],[-1.628677,46.44841],[-1.627216,46.448734],[-1.626769,46.449693],[-1.627006,46.45004],[-1.618917,46.450561],[-1.604104,46.452718],[-1.605302,46.455113],[-1.608216,46.457613],[-1.610501,46.46066],[-1.61126,46.461912],[-1.610843,46.462452],[-1.60816,46.461013],[-1.605066,46.460197],[-1.598134,46.460935],[-1.596633,46.460336],[-1.59692,46.460935],[-1.592938,46.461225],[-1.584855,46.461165],[-1.580068,46.460028],[-1.580784,46.458988],[-1.580462,46.458305],[-1.578297,46.458601],[-1.577677,46.458433],[-1.577137,46.457256],[-1.576262,46.456907],[-1.576133,46.456389],[-1.576639,46.455827],[-1.575973,46.455316],[-1.573418,46.455294],[-1.571742,46.456151],[-1.569384,46.456748],[-1.561627,46.458214],[-1.551751,46.45901],[-1.543658,46.460431],[-1.537425,46.460071],[-1.534265,46.461037],[-1.531801,46.461294],[-1.529105,46.460641],[-1.525598,46.460451],[-1.524061,46.461028],[-1.522998,46.462301],[-1.522812,46.462665],[-1.523158,46.462741],[-1.522599,46.463431],[-1.522157,46.465349],[-1.521296,46.464615],[-1.518669,46.463729],[-1.5169,46.463719],[-1.51497,46.463238],[-1.511479,46.463342],[-1.502575,46.465668],[-1.500031,46.465054],[-1.499149,46.464192],[-1.499269,46.463593],[-1.500332,46.463037],[-1.500977,46.462261],[-1.501383,46.461137],[-1.501055,46.459511],[-1.499833,46.458545],[-1.498226,46.458118],[-1.494178,46.458335],[-1.493594,46.456887],[-1.493848,46.455016],[-1.487899,46.45466],[-1.479426,46.456467],[-1.47529,46.456966],[-1.471642,46.456999],[-1.469097,46.456003],[-1.466445,46.455371],[-1.464875,46.457135],[-1.461782,46.45949],[-1.458581,46.460318],[-1.457432,46.456934],[-1.45432,46.453434],[-1.450641,46.451314],[-1.451019,46.450876],[-1.447879,46.449557],[-1.446726,46.449312],[-1.443318,46.449594],[-1.441178,46.450647],[-1.437497,46.453197],[-1.433879,46.453689],[-1.431906,46.453541],[-1.431007,46.452845],[-1.429779,46.449031],[-1.425931,46.44708],[-1.420195,46.446191],[-1.418001,46.446588],[-1.417041,46.447705],[-1.415474,46.44841],[-1.414594,46.449603],[-1.414416,46.450928],[-1.410594,46.452707],[-1.405755,46.456445],[-1.404141,46.457246],[-1.398085,46.458924],[-1.396131,46.460396],[-1.394418,46.464084],[-1.39364,46.465321],[-1.392966,46.465665],[-1.390046,46.466342],[-1.374933,46.468221],[-1.3709,46.468029],[-1.364049,46.465629],[-1.361012,46.465662],[-1.356627,46.468059],[-1.35561,46.469668],[-1.353457,46.475863],[-1.352551,46.477088],[-1.35082,46.478159],[-1.348683,46.481064],[-1.349127,46.482697],[-1.350797,46.483924],[-1.354282,46.481461],[-1.357316,46.479844],[-1.356913,46.481699],[-1.354414,46.484496],[-1.354823,46.484951],[-1.356871,46.485371],[-1.357141,46.4864],[-1.354134,46.488585],[-1.353863,46.492249],[-1.35186,46.495295],[-1.352195,46.495674],[-1.353607,46.495608],[-1.354563,46.496435],[-1.354329,46.497014],[-1.352269,46.497353],[-1.350217,46.498239],[-1.347802,46.498286],[-1.346634,46.498596],[-1.345945,46.499024],[-1.344457,46.501263],[-1.344127,46.501346],[-1.343808,46.500449],[-1.342968,46.500179],[-1.342407,46.500505],[-1.341952,46.501871],[-1.341007,46.501688],[-1.340593,46.502149],[-1.33969,46.502005],[-1.338942,46.502299],[-1.337449,46.501866],[-1.337375,46.501519],[-1.338452,46.501412],[-1.339022,46.500883],[-1.339061,46.499866],[-1.338419,46.499119],[-1.33753,46.499001],[-1.337123,46.498521],[-1.335584,46.498434],[-1.334628,46.497679],[-1.331148,46.496983],[-1.329411,46.496865],[-1.329002,46.497266],[-1.329592,46.498372],[-1.331506,46.499835],[-1.331448,46.50135],[-1.328393,46.503164],[-1.32707,46.502991],[-1.329402,46.500678],[-1.328693,46.50048],[-1.328069,46.499507],[-1.327437,46.499205],[-1.325472,46.498735],[-1.323992,46.499154],[-1.322441,46.499154],[-1.319095,46.500275],[-1.318107,46.501728],[-1.318443,46.502532],[-1.317983,46.503502],[-1.321482,46.506724],[-1.320933,46.507644],[-1.321117,46.507925],[-1.324531,46.507905],[-1.325876,46.508197],[-1.327728,46.507806],[-1.330248,46.508004],[-1.330157,46.508647],[-1.328289,46.509986],[-1.327906,46.511577],[-1.325577,46.51316],[-1.322057,46.514789],[-1.316603,46.515081],[-1.312814,46.515029],[-1.307375,46.514504],[-1.301189,46.514607],[-1.299008,46.515782],[-1.296259,46.518227],[-1.294233,46.519522],[-1.29221,46.522207],[-1.290189,46.523406],[-1.287722,46.524192],[-1.286595,46.525178],[-1.28481,46.525518],[-1.282426,46.526605],[-1.281211,46.526844],[-1.278953,46.526945],[-1.275286,46.52613],[-1.273039,46.526349],[-1.27133,46.525753],[-1.268603,46.525718],[-1.265582,46.524832],[-1.26579,46.523645],[-1.265448,46.523431],[-1.264875,46.523821],[-1.263874,46.525739],[-1.262482,46.52672],[-1.261551,46.526956],[-1.261067,46.526661],[-1.261191,46.525367],[-1.26005,46.52278],[-1.256885,46.52118],[-1.253747,46.52043],[-1.25195,46.522025],[-1.250673,46.523927],[-1.248231,46.524765],[-1.243808,46.524555],[-1.239769,46.52379],[-1.23645,46.524237],[-1.234215,46.526027],[-1.231368,46.526605],[-1.225665,46.526099],[-1.221639,46.52664],[-1.218342,46.52749],[-1.216352,46.528336],[-1.215167,46.527477],[-1.212329,46.528549],[-1.210535,46.530111],[-1.209664,46.531447],[-1.208122,46.531805],[-1.207299,46.533191],[-1.205974,46.533615],[-1.204557,46.533657],[-1.201205,46.533187],[-1.199716,46.53378],[-1.195591,46.53423],[-1.194852,46.534551],[-1.195709,46.536856],[-1.195415,46.537978],[-1.193881,46.538904],[-1.189232,46.540331],[-1.187665,46.541521],[-1.185104,46.541639],[-1.181503,46.542788],[-1.176771,46.543144],[-1.173521,46.544266],[-1.172473,46.545145],[-1.169569,46.545775],[-1.167489,46.545724],[-1.164856,46.544569],[-1.161584,46.545611],[-1.158474,46.546292],[-1.155409,46.546552],[-1.15274,46.547469],[-1.15052,46.547735],[-1.14981,46.548264],[-1.149262,46.549674],[-1.147983,46.551035],[-1.148442,46.552329],[-1.147898,46.552873],[-1.147522,46.554251],[-1.144427,46.557049],[-1.142519,46.557925],[-1.141033,46.55768],[-1.14061,46.55797],[-1.140628,46.558588],[-1.136683,46.560298],[-1.132645,46.560777],[-1.128046,46.561847],[-1.123292,46.563811],[-1.119734,46.566816],[-1.119604,46.568538],[-1.117883,46.570475],[-1.112703,46.572251],[-1.111079,46.573795],[-1.110613,46.576319],[-1.111144,46.578368],[-1.110744,46.578546],[-1.108384,46.576465],[-1.107945,46.575378],[-1.108302,46.574514],[-1.108105,46.57388],[-1.105904,46.573699],[-1.104712,46.572697],[-1.104213,46.572636],[-1.104604,46.571904],[-1.103624,46.571575],[-1.102783,46.57183],[-1.100413,46.571456],[-1.095683,46.572423],[-1.092856,46.573442],[-1.090832,46.575378],[-1.087266,46.576348],[-1.086945,46.576792],[-1.087448,46.577693],[-1.086012,46.578097],[-1.081094,46.57826],[-1.079055,46.578135],[-1.07686,46.577403],[-1.067014,46.572383],[-1.061926,46.571326],[-1.059312,46.571122],[-1.057374,46.571385],[-1.056525,46.574557],[-1.058359,46.578465],[-1.058707,46.582336],[-1.05529,46.58568],[-1.05323,46.588994],[-1.05469,46.590723],[-1.056622,46.591343],[-1.057548,46.592045],[-1.058143,46.593679],[-1.057984,46.594691],[-1.055055,46.59535],[-1.054049,46.595909],[-1.054155,46.596417],[-1.056557,46.597624],[-1.056922,46.598329],[-1.055569,46.598349],[-1.053296,46.600049],[-1.050866,46.60022],[-1.048416,46.600889],[-1.04552,46.602975],[-1.043751,46.603309],[-1.040435,46.60304],[-1.037096,46.600647],[-1.034005,46.597145],[-1.034411,46.591714],[-1.035458,46.588662],[-1.03376,46.587339],[-1.032576,46.587153],[-1.030602,46.589062],[-1.029205,46.591231],[-1.027497,46.592616],[-1.026302,46.594725],[-1.025466,46.595092],[-1.024715,46.596138],[-1.02322,46.596898],[-1.022265,46.59968],[-1.020797,46.600721],[-1.019987,46.600949],[-1.019184,46.600712],[-1.018373,46.600848],[-1.018323,46.60211],[-1.019873,46.602844],[-1.014821,46.60609],[-1.012546,46.606261],[-1.011535,46.605923],[-1.011642,46.604853],[-1.010355,46.602581],[-1.010431,46.601433],[-1.01176,46.600734],[-1.011972,46.599299],[-1.012857,46.597616],[-1.012625,46.595418],[-1.010031,46.591433],[-1.010675,46.591047],[-1.01125,46.589826],[-1.01085,46.587551],[-1.011022,46.585855],[-1.010429,46.583511],[-1.009339,46.582485],[-1.008951,46.582595],[-1.008183,46.584058],[-1.007569,46.586283],[-1.00803,46.587012],[-1.007128,46.588225],[-1.007019,46.589169],[-1.005803,46.589615],[-1.003776,46.589613],[-1.002161,46.589233],[-1.000337,46.588134],[-0.999632,46.587049],[-1.002053,46.583795],[-1.001371,46.582892],[-0.999959,46.583827],[-0.998856,46.585142],[-0.994315,46.588029],[-0.991607,46.590348],[-0.989252,46.591637],[-0.988249,46.592431],[-0.98772,46.59339],[-0.988934,46.595588],[-0.988767,46.596523],[-0.985577,46.598149],[-0.984177,46.598356],[-0.983452,46.598803],[-0.985674,46.599731],[-0.985488,46.600362],[-0.981214,46.600966],[-0.978052,46.60088],[-0.977184,46.600584],[-0.976671,46.599038],[-0.975613,46.598795],[-0.974247,46.597941],[-0.974285,46.597374],[-0.975057,46.59685],[-0.975459,46.596001],[-0.981301,46.591932],[-0.984137,46.590552],[-0.986996,46.589942],[-0.988787,46.588733],[-0.989806,46.586314],[-0.990437,46.583191],[-0.991249,46.582134],[-0.991652,46.579639],[-0.990719,46.576519],[-0.992608,46.573646],[-0.991765,46.571939],[-0.992074,46.569695],[-0.991579,46.566546],[-0.991918,46.564575],[-0.991502,46.563095],[-0.991048,46.563142],[-0.98829,46.565593],[-0.985493,46.566667],[-0.981452,46.569363],[-0.977151,46.570119],[-0.97299,46.56972],[-0.970127,46.57046],[-0.966444,46.572611],[-0.963777,46.575408],[-0.960916,46.576758],[-0.959525,46.577827],[-0.957816,46.578399],[-0.95495,46.578178],[-0.952837,46.579455],[-0.952397,46.58112],[-0.952736,46.581583],[-0.955004,46.581234],[-0.956371,46.581705],[-0.958256,46.58132],[-0.958604,46.58149],[-0.958517,46.582343],[-0.95737,46.583754],[-0.956014,46.584232],[-0.954343,46.586467],[-0.953692,46.586812],[-0.953537,46.5876],[-0.953899,46.587781],[-0.954905,46.58718],[-0.955678,46.586176],[-0.956923,46.586027],[-0.958194,46.58505],[-0.959279,46.584807],[-0.964365,46.579988],[-0.96501,46.578326],[-0.969394,46.57226],[-0.970589,46.571815],[-0.973525,46.571755],[-0.974453,46.572457],[-0.974448,46.572923],[-0.973054,46.575136],[-0.973037,46.57608],[-0.973708,46.576257],[-0.975353,46.575914],[-0.97616,46.575026],[-0.976923,46.574857],[-0.977864,46.575391],[-0.978611,46.576839],[-0.97904,46.576959],[-0.979589,46.576637],[-0.979774,46.575411],[-0.977959,46.57342],[-0.978249,46.572547],[-0.979156,46.571942],[-0.981141,46.571581],[-0.984403,46.57002],[-0.988339,46.567341],[-0.989563,46.567368],[-0.98977,46.569163],[-0.988919,46.572623],[-0.989881,46.573901],[-0.989954,46.574619],[-0.988821,46.575539],[-0.988674,46.576316],[-0.986174,46.578131],[-0.986744,46.579031],[-0.986924,46.580419],[-0.989408,46.579489],[-0.990025,46.579633],[-0.989563,46.582001],[-0.987324,46.584025],[-0.985601,46.584625],[-0.983689,46.585901],[-0.980331,46.586996],[-0.979242,46.587865],[-0.977203,46.58855],[-0.975757,46.589482],[-0.973973,46.589635],[-0.972108,46.590369],[-0.971415,46.589707],[-0.971213,46.587738],[-0.970454,46.58765],[-0.969041,46.588177],[-0.968645,46.589956],[-0.967864,46.590325],[-0.966466,46.591895],[-0.965585,46.593449],[-0.966478,46.593738],[-0.966897,46.593442],[-0.969214,46.593303],[-0.970274,46.593767],[-0.970438,46.594181],[-0.969836,46.594854],[-0.967427,46.5957],[-0.964836,46.5977],[-0.963922,46.59774],[-0.962773,46.596855],[-0.96214,46.596768],[-0.960621,46.59843],[-0.958744,46.598849],[-0.95649,46.597983],[-0.954419,46.597601],[-0.953949,46.596181],[-0.952929,46.595339],[-0.95291,46.593782],[-0.954119,46.593346],[-0.955558,46.593791],[-0.956223,46.594663],[-0.9577,46.59467],[-0.958068,46.594112],[-0.957532,46.591703],[-0.956347,46.590648],[-0.954815,46.590726],[-0.954438,46.589431],[-0.952138,46.589716],[-0.950389,46.59027],[-0.949664,46.590195],[-0.949196,46.589594],[-0.949434,46.588556],[-0.94657,46.587645],[-0.947209,46.586805],[-0.948737,46.586059],[-0.949034,46.585501],[-0.947326,46.58478],[-0.944955,46.584311],[-0.944046,46.582225],[-0.944179,46.581659],[-0.943036,46.581484],[-0.941686,46.582106],[-0.940927,46.582124],[-0.939346,46.580454],[-0.939778,46.579969],[-0.938963,46.579269],[-0.938337,46.579121],[-0.936644,46.579816],[-0.935875,46.579509],[-0.93507,46.577452],[-0.935199,46.576113],[-0.935797,46.575792],[-0.936674,46.575767],[-0.939839,46.577191],[-0.941344,46.578399],[-0.942162,46.578166],[-0.943828,46.57851],[-0.944952,46.575331],[-0.946711,46.573682],[-0.946723,46.572414],[-0.94588,46.571421],[-0.946009,46.571014],[-0.946696,46.570242],[-0.949141,46.568776],[-0.949934,46.566385],[-0.950851,46.565228],[-0.957598,46.562521],[-0.959302,46.562949],[-0.96012,46.564222],[-0.960886,46.564191],[-0.961176,46.562946],[-0.962097,46.562127],[-0.965193,46.561947],[-0.967067,46.561404],[-0.969559,46.559396],[-0.971436,46.556608],[-0.971197,46.55623],[-0.970675,46.556239],[-0.96729,46.558811],[-0.965323,46.559643],[-0.960209,46.55989],[-0.958187,46.560349],[-0.955017,46.560563],[-0.954035,46.561503],[-0.947994,46.564473],[-0.946638,46.566338],[-0.945889,46.568903],[-0.944105,46.570065],[-0.943636,46.571348],[-0.941427,46.572393],[-0.941067,46.572986],[-0.940559,46.572918],[-0.940017,46.572051],[-0.939828,46.569004],[-0.938736,46.56752],[-0.939735,46.566681],[-0.942288,46.565921],[-0.943297,46.564426],[-0.942511,46.562371],[-0.942222,46.560025],[-0.943251,46.559432],[-0.94511,46.559185],[-0.946958,46.560509],[-0.947572,46.560206],[-0.94494,46.55842],[-0.943588,46.556863],[-0.94325,46.554198],[-0.942393,46.553043],[-0.942546,46.551855],[-0.943836,46.55121],[-0.946142,46.550967],[-0.948746,46.549938],[-0.950136,46.549909],[-0.951,46.550773],[-0.951568,46.549775],[-0.953815,46.548855],[-0.953694,46.548473],[-0.951475,46.548285],[-0.946668,46.548816],[-0.94463,46.549311],[-0.939826,46.549421],[-0.93488,46.551292],[-0.933242,46.552894],[-0.930999,46.552608],[-0.930246,46.553964],[-0.927635,46.553888],[-0.925797,46.55467],[-0.925424,46.554704],[-0.924504,46.553134],[-0.923473,46.553812],[-0.922885,46.553828],[-0.921869,46.553061],[-0.921185,46.553062],[-0.920925,46.553698],[-0.921403,46.554231],[-0.920959,46.554426],[-0.917775,46.552455],[-0.916878,46.553579],[-0.914866,46.55345],[-0.913399,46.554248],[-0.911278,46.553861],[-0.909342,46.554022],[-0.900535,46.55767],[-0.896137,46.558294],[-0.894318,46.557979],[-0.89352,46.557297],[-0.892566,46.557957],[-0.890361,46.55797],[-0.886605,46.556325],[-0.883596,46.556689],[-0.882578,46.556362],[-0.880238,46.554393],[-0.879166,46.553953],[-0.877674,46.55382],[-0.876587,46.553296],[-0.873813,46.553269],[-0.873737,46.553656],[-0.87971,46.556826],[-0.879635,46.55728],[-0.880606,46.558158],[-0.879649,46.558613],[-0.877046,46.561154],[-0.877786,46.562582],[-0.877058,46.564658],[-0.877547,46.565306],[-0.879187,46.566248],[-0.879423,46.567248],[-0.878517,46.56798],[-0.874773,46.56959],[-0.868913,46.57032],[-0.86627,46.571301],[-0.864633,46.570656],[-0.863809,46.568964],[-0.864758,46.568001],[-0.866355,46.567828],[-0.865894,46.566954],[-0.866548,46.565805],[-0.865884,46.564435],[-0.864623,46.565616],[-0.86461,46.56697],[-0.863016,46.568491],[-0.863696,46.568963],[-0.863244,46.569964],[-0.86212,46.570619],[-0.860485,46.571142],[-0.857511,46.571061],[-0.856467,46.570899],[-0.855177,46.57008],[-0.854676,46.568595],[-0.85493,46.56766],[-0.856498,46.565689],[-0.856775,46.559844],[-0.855475,46.558935],[-0.855191,46.558351],[-0.854178,46.558355],[-0.854458,46.557496],[-0.855757,46.556624],[-0.855873,46.555025],[-0.856408,46.554326],[-0.856304,46.553208],[-0.855121,46.552813],[-0.851162,46.554923],[-0.849285,46.553917],[-0.848804,46.553931],[-0.848344,46.554309],[-0.845492,46.554807],[-0.838679,46.557771],[-0.836864,46.55774],[-0.83557,46.557112],[-0.834845,46.554089],[-0.835283,46.552906],[-0.837371,46.551385],[-0.841188,46.549849],[-0.844355,46.54936],[-0.846362,46.549628],[-0.848419,46.550272],[-0.849334,46.551289],[-0.851048,46.551822],[-0.853975,46.551551],[-0.855212,46.552106],[-0.856019,46.552137],[-0.859037,46.550641],[-0.860989,46.549213],[-0.859053,46.548061],[-0.8547,46.546976],[-0.852095,46.546777],[-0.848996,46.547123],[-0.848452,46.546478],[-0.846052,46.546345],[-0.838237,46.547014],[-0.836378,46.546924],[-0.835509,46.546597],[-0.835585,46.545732],[-0.837984,46.54431],[-0.840361,46.544282],[-0.84078,46.542614],[-0.842015,46.54251],[-0.843731,46.542831],[-0.844094,46.542591],[-0.844031,46.542028],[-0.839507,46.536466],[-0.83909,46.536425],[-0.838515,46.536903],[-0.837526,46.538398],[-0.835864,46.538703],[-0.834843,46.538489],[-0.833789,46.539619],[-0.82691,46.540098],[-0.825836,46.539082],[-0.824458,46.535856],[-0.823697,46.53492],[-0.823419,46.532341],[-0.824885,46.531524],[-0.824873,46.531151],[-0.822612,46.531164],[-0.817666,46.532217],[-0.815645,46.532107],[-0.812482,46.53113],[-0.811889,46.528922],[-0.809748,46.525936],[-0.809772,46.523891],[-0.810339,46.523234],[-0.811692,46.5226],[-0.813185,46.522358],[-0.813916,46.521631],[-0.814813,46.521354],[-0.817048,46.517868],[-0.819151,46.516234],[-0.820763,46.515849],[-0.822797,46.51675],[-0.823743,46.518144],[-0.825909,46.518401],[-0.826688,46.518217],[-0.827591,46.517445],[-0.829075,46.517178],[-0.829912,46.518328],[-0.833905,46.519727],[-0.833733,46.520358],[-0.832648,46.520654],[-0.832979,46.521369],[-0.832611,46.522249],[-0.831407,46.522721],[-0.830647,46.52358],[-0.828319,46.524828],[-0.828262,46.52537],[-0.829581,46.52525],[-0.831078,46.52463],[-0.833584,46.522813],[-0.835473,46.520913],[-0.835866,46.520726],[-0.836279,46.520901],[-0.836046,46.521689],[-0.837459,46.523232],[-0.838125,46.525433],[-0.837021,46.526752],[-0.83264,46.528164],[-0.833504,46.529501],[-0.837108,46.528118],[-0.839635,46.526665],[-0.841838,46.528459],[-0.842433,46.528618],[-0.841547,46.526213],[-0.841466,46.524728],[-0.840696,46.524069],[-0.840206,46.522739],[-0.840291,46.52146],[-0.839263,46.520487],[-0.838191,46.517883],[-0.838212,46.516609],[-0.837724,46.516111],[-0.835275,46.515486],[-0.834613,46.513738],[-0.836885,46.51256],[-0.839458,46.51222],[-0.841146,46.513078],[-0.841212,46.514053],[-0.842115,46.514625],[-0.842513,46.515498],[-0.843539,46.515208],[-0.844273,46.515555],[-0.844651,46.513108],[-0.845566,46.512043],[-0.845019,46.511182],[-0.846224,46.511052],[-0.847888,46.512329],[-0.849191,46.514105],[-0.849606,46.514143],[-0.85052,46.513241],[-0.849574,46.512088],[-0.849988,46.510001],[-0.850585,46.510023],[-0.851167,46.510945],[-0.852612,46.511001],[-0.854187,46.510343],[-0.856608,46.510077],[-0.857616,46.508049],[-0.859607,46.507653],[-0.860013,46.507327],[-0.860074,46.506454],[-0.859199,46.505229],[-0.860459,46.505002],[-0.860795,46.50111],[-0.859634,46.500607],[-0.85924,46.500717],[-0.858929,46.501642],[-0.858003,46.502415],[-0.856823,46.504314],[-0.852212,46.50654],[-0.842038,46.507038],[-0.840736,46.505222],[-0.835658,46.506181],[-0.832875,46.504973],[-0.831815,46.505117],[-0.830203,46.506117],[-0.828714,46.506032],[-0.827604,46.505653],[-0.826841,46.504542],[-0.824023,46.502986],[-0.82103,46.502468],[-0.818796,46.500462],[-0.818225,46.498879],[-0.819152,46.498018],[-0.819057,46.497112],[-0.817343,46.495788],[-0.816821,46.495064],[-0.816989,46.493932],[-0.816053,46.493015],[-0.809307,46.494055],[-0.808552,46.494895],[-0.806322,46.496055],[-0.800813,46.496608],[-0.800311,46.495467],[-0.79864,46.495731],[-0.801976,46.492031],[-0.800386,46.488995],[-0.797731,46.487166],[-0.796412,46.486678],[-0.794509,46.486044],[-0.78889,46.485033],[-0.787585,46.485996],[-0.787796,46.486814],[-0.789371,46.487707],[-0.790744,46.489623],[-0.785662,46.494682],[-0.77298,46.491184],[-0.775141,46.49],[-0.775983,46.489187],[-0.767869,46.486009],[-0.766476,46.48679],[-0.765928,46.485866],[-0.764923,46.486157],[-0.764137,46.486946],[-0.762104,46.487724],[-0.759552,46.489723],[-0.757585,46.490668],[-0.754294,46.490989],[-0.751285,46.490931],[-0.749613,46.490342],[-0.748161,46.489328],[-0.747152,46.487584],[-0.739882,46.482651],[-0.738757,46.482807],[-0.731761,46.482386],[-0.730282,46.482658],[-0.726604,46.482019],[-0.725943,46.480076],[-0.72415,46.47955],[-0.722582,46.478244],[-0.722518,46.47769],[-0.726048,46.474261],[-0.725617,46.474145],[-0.723253,46.475066],[-0.719788,46.472618],[-0.719342,46.471448],[-0.719479,46.470155],[-0.712193,46.466999],[-0.711321,46.467375],[-0.711345,46.467955],[-0.712218,46.469785],[-0.713377,46.470363],[-0.714038,46.472678],[-0.713467,46.47335],[-0.711449,46.473231],[-0.71003,46.473593],[-0.708472,46.473554],[-0.70301,46.472102],[-0.701889,46.472362],[-0.700221,46.473289],[-0.697215,46.47381],[-0.695069,46.473424],[-0.693972,46.471952],[-0.693397,46.471728],[-0.692154,46.472628],[-0.690808,46.47299],[-0.689915,46.472794],[-0.688773,46.471854],[-0.687327,46.472014],[-0.686042,46.471805],[-0.68489,46.472182],[-0.686274,46.479078],[-0.687421,46.479982],[-0.689474,46.479794],[-0.690957,46.478641],[-0.693324,46.47831],[-0.695154,46.478752],[-0.696625,46.479692],[-0.696697,46.480982],[-0.696192,46.482332],[-0.695474,46.483331],[-0.693117,46.483839],[-0.690537,46.484977],[-0.688533,46.484897],[-0.686302,46.485357],[-0.685067,46.486327],[-0.685348,46.487922],[-0.684546,46.488567],[-0.682736,46.48848],[-0.681274,46.488876],[-0.67965,46.489809],[-0.676428,46.491008],[-0.67533,46.492151],[-0.673412,46.493206],[-0.674341,46.493803],[-0.676837,46.494624],[-0.67675,46.494842],[-0.675774,46.495631],[-0.674085,46.495572],[-0.673477,46.497015],[-0.672193,46.497225],[-0.670734,46.49684],[-0.669902,46.497938],[-0.669122,46.498006],[-0.666541,46.496138],[-0.665504,46.496067],[-0.6653,46.496509],[-0.66622,46.498031],[-0.665631,46.498861],[-0.663814,46.499596],[-0.661307,46.499358],[-0.660568,46.499571],[-0.659622,46.501347],[-0.656023,46.504674],[-0.651498,46.507575],[-0.647264,46.509707],[-0.646619,46.5104],[-0.645982,46.508836],[-0.645101,46.508326],[-0.641954,46.507753],[-0.64034,46.506853],[-0.638057,46.506822],[-0.636726,46.506317],[-0.635737,46.504947],[-0.634428,46.504793],[-0.63394,46.503384],[-0.634322,46.502481],[-0.632506,46.501236],[-0.631968,46.500453],[-0.629875,46.499995],[-0.624978,46.49759],[-0.625346,46.494823],[-0.62497,46.490012],[-0.62422,46.487723],[-0.624564,46.485386],[-0.625269,46.48561],[-0.625538,46.485315],[-0.626303,46.48381],[-0.6275,46.483058],[-0.627331,46.482343],[-0.629878,46.481267],[-0.629973,46.479911],[-0.631291,46.478707],[-0.626374,46.477184],[-0.61914,46.475897],[-0.618516,46.4749],[-0.618537,46.473819],[-0.616925,46.471623],[-0.616555,46.468758],[-0.616847,46.465734],[-0.615889,46.460887],[-0.613003,46.459055],[-0.610401,46.457932],[-0.607806,46.454576],[-0.608208,46.454209],[-0.6092,46.454164],[-0.609806,46.453561],[-0.610775,46.449797],[-0.612397,46.449196],[-0.613779,46.449054],[-0.615138,46.449887],[-0.614708,46.451565],[-0.615876,46.452297],[-0.617618,46.454682],[-0.619261,46.455297],[-0.620327,46.453408],[-0.617531,46.447391],[-0.616644,46.446879],[-0.617463,46.444931],[-0.61633,46.444729],[-0.61851,46.438964],[-0.636609,46.432182],[-0.635925,46.430257],[-0.634638,46.428924],[-0.635821,46.425196],[-0.638562,46.421587],[-0.640185,46.418096],[-0.640627,46.416298],[-0.639327,46.416257],[-0.639286,46.415893],[-0.639149,46.412861],[-0.639655,46.410753],[-0.62896,46.404071],[-0.632885,46.401222],[-0.637069,46.400222],[-0.637386,46.40035],[-0.63985,46.398302],[-0.640667,46.397191],[-0.636715,46.395718],[-0.634229,46.395733],[-0.628759,46.393862],[-0.623613,46.391399],[-0.620911,46.390673],[-0.619865,46.391836],[-0.619215,46.393468],[-0.61576,46.398952],[-0.614194,46.403674],[-0.613787,46.408924],[-0.612787,46.411422],[-0.609965,46.41376],[-0.601854,46.412705],[-0.594242,46.410188],[-0.593006,46.409566],[-0.588287,46.405469],[-0.582412,46.402461],[-0.574129,46.401306],[-0.572395,46.400811],[-0.572314,46.396863],[-0.571848,46.396105],[-0.566153,46.393082],[-0.560869,46.393044],[-0.557175,46.39348],[-0.554556,46.393505],[-0.552957,46.393207],[-0.550603,46.393379],[-0.547651,46.39123],[-0.543283,46.389821],[-0.540125,46.388389],[-0.539203,46.386766],[-0.538148,46.386354],[-0.540504,46.384224],[-0.543926,46.380013],[-0.546185,46.375206],[-0.547468,46.373712],[-0.549709,46.37134],[-0.556693,46.365466],[-0.557592,46.364253],[-0.558425,46.361681],[-0.559304,46.361152],[-0.561678,46.360667],[-0.562033,46.359559],[-0.563916,46.359773],[-0.563994,46.359511],[-0.567206,46.359017],[-0.567226,46.358656],[-0.570048,46.358156],[-0.572194,46.358399],[-0.574623,46.357341],[-0.576962,46.355443],[-0.586215,46.356945],[-0.603107,46.361484],[-0.604908,46.359599],[-0.60694,46.355543],[-0.606916,46.35514],[-0.603398,46.354329],[-0.605068,46.347331],[-0.606845,46.347552],[-0.607869,46.347132],[-0.610684,46.345104],[-0.612814,46.344285],[-0.616689,46.340896],[-0.617573,46.341181],[-0.61896,46.340007],[-0.618103,46.339356],[-0.621573,46.337952],[-0.624765,46.337552],[-0.625902,46.337686],[-0.623397,46.337729],[-0.62552,46.338252],[-0.625395,46.338878],[-0.626095,46.339423],[-0.629676,46.339512],[-0.632311,46.340257],[-0.636878,46.34086],[-0.637373,46.339749],[-0.636675,46.339063],[-0.637169,46.338376],[-0.637773,46.33818],[-0.639421,46.340107],[-0.638607,46.341237],[-0.63873,46.342464],[-0.639429,46.342405],[-0.640347,46.341189],[-0.651334,46.354024],[-0.648687,46.354328],[-0.647162,46.355269],[-0.646257,46.355465],[-0.64391,46.355495],[-0.642386,46.355949],[-0.641685,46.358491],[-0.639253,46.360259],[-0.638719,46.361002],[-0.638964,46.36217],[-0.640446,46.364629],[-0.642505,46.365316],[-0.64621,46.365806],[-0.649587,46.367068],[-0.65391,46.368011],[-0.661117,46.370931],[-0.661899,46.371762],[-0.662312,46.373047],[-0.664247,46.373935],[-0.664247,46.374364],[-0.662269,46.375847],[-0.662804,46.377416],[-0.663546,46.377789],[-0.668982,46.378881],[-0.670631,46.379824],[-0.671536,46.379998],[-0.67232,46.380026],[-0.672814,46.379596],[-0.671454,46.377652],[-0.67129,46.376625],[-0.671907,46.376195],[-0.675144,46.375469],[-0.676124,46.374779],[-0.67674,46.375264],[-0.676802,46.375834],[-0.677805,46.374788],[-0.677746,46.372644],[-0.67855,46.371726],[-0.681365,46.370364],[-0.6832,46.36898],[-0.68925,46.377013],[-0.685535,46.379073],[-0.683154,46.379217],[-0.681222,46.378392],[-0.680525,46.378635],[-0.679298,46.379892],[-0.67903,46.380919],[-0.679523,46.381273],[-0.683689,46.381517],[-0.685338,46.382919],[-0.685461,46.383578],[-0.683979,46.386546],[-0.681796,46.388086],[-0.680642,46.391026],[-0.680972,46.391286],[-0.681919,46.39103],[-0.683402,46.389486],[-0.686038,46.389004],[-0.689788,46.386922],[-0.693065,46.384018],[-0.694276,46.386243],[-0.694155,46.386808],[-0.69333,46.388006],[-0.691354,46.389661],[-0.691271,46.390403],[-0.695022,46.391922],[-0.694773,46.390921],[-0.695186,46.390434],[-0.696359,46.390066],[-0.698238,46.393515],[-0.707068,46.396281],[-0.741211,46.395597],[-0.744822,46.397636],[-0.747255,46.398182],[-0.74912,46.399901],[-0.7489,46.40045],[-0.747354,46.4006],[-0.741027,46.398125],[-0.738267,46.397562],[-0.737021,46.397594],[-0.734793,46.398614],[-0.733797,46.398015],[-0.733399,46.396392],[-0.732766,46.396075],[-0.730411,46.397229],[-0.730413,46.397468],[-0.731295,46.397691],[-0.73147,46.398231],[-0.72965,46.39894],[-0.729223,46.399391],[-0.730979,46.399415],[-0.738913,46.400683],[-0.739715,46.401373],[-0.739212,46.403418],[-0.739422,46.404944],[-0.739758,46.405032],[-0.742014,46.404358],[-0.742512,46.402945],[-0.744176,46.402038],[-0.749945,46.403404],[-0.752587,46.404818],[-0.75476,46.405233],[-0.755953,46.40477],[-0.756109,46.403165],[-0.757369,46.402253],[-0.759149,46.40192],[-0.761927,46.402112],[-0.763022,46.402455],[-0.765654,46.404414],[-0.77136,46.407182],[-0.774912,46.40784],[-0.780426,46.409785],[-0.781734,46.409891],[-0.78331,46.408892],[-0.784517,46.408698],[-0.785958,46.409318],[-0.786558,46.410028],[-0.790107,46.410676],[-0.793431,46.41222],[-0.795203,46.412513],[-0.796784,46.412329],[-0.798726,46.413748],[-0.799952,46.414212],[-0.801433,46.414099],[-0.804795,46.413086],[-0.806124,46.41319],[-0.806885,46.413841],[-0.807295,46.415202],[-0.809887,46.416076],[-0.810898,46.416763],[-0.811178,46.417669],[-0.810865,46.419063],[-0.811554,46.419162],[-0.813956,46.418536],[-0.815195,46.418693],[-0.817586,46.420713],[-0.819969,46.421535],[-0.822601,46.421497],[-0.825368,46.422851],[-0.826464,46.422521],[-0.826384,46.421933],[-0.824014,46.420246],[-0.822698,46.417878],[-0.820311,46.4162],[-0.818155,46.413766],[-0.814019,46.41125],[-0.812106,46.409619],[-0.811762,46.408859],[-0.808562,46.406762],[-0.806838,46.404809],[-0.80371,46.403075],[-0.801291,46.400198],[-0.799349,46.399123],[-0.798247,46.397903],[-0.811018,46.393446],[-0.820062,46.392067],[-0.822123,46.392114],[-0.823326,46.391568],[-0.826377,46.391103],[-0.825763,46.391825],[-0.826516,46.391976],[-0.8297,46.390602],[-0.831606,46.390304],[-0.832532,46.390651],[-0.832713,46.391605],[-0.832282,46.392017],[-0.829576,46.392734],[-0.829901,46.39487],[-0.831112,46.394659],[-0.833978,46.393194],[-0.835363,46.394952],[-0.839779,46.394858],[-0.841305,46.393044],[-0.843748,46.392433],[-0.846067,46.39251],[-0.84679,46.391614],[-0.848255,46.391219],[-0.850851,46.389532],[-0.852621,46.390806],[-0.850441,46.393832],[-0.848888,46.394803],[-0.848706,46.395238],[-0.850363,46.395291],[-0.852294,46.396166],[-0.852698,46.394968],[-0.851606,46.393612],[-0.851711,46.392939],[-0.853429,46.392289],[-0.85456,46.392201],[-0.857879,46.392792],[-0.858214,46.393213],[-0.85811,46.395109],[-0.858866,46.396747],[-0.859418,46.396646],[-0.860426,46.395501],[-0.861172,46.39521],[-0.86243,46.395145],[-0.863443,46.396231],[-0.862684,46.398427],[-0.864774,46.399525],[-0.865213,46.401372],[-0.864704,46.401843],[-0.862522,46.40269],[-0.860589,46.404618],[-0.859034,46.405217],[-0.858962,46.405406],[-0.860158,46.405701],[-0.862122,46.405374],[-0.863562,46.403519],[-0.867805,46.401784],[-0.869046,46.40039],[-0.869993,46.39775],[-0.873014,46.398122],[-0.877887,46.396958],[-0.877233,46.398223],[-0.878484,46.398744],[-0.879464,46.399702],[-0.882282,46.400522],[-0.884136,46.400443],[-0.885499,46.40076],[-0.886145,46.400527],[-0.886663,46.399504],[-0.884342,46.399289],[-0.883427,46.398842],[-0.883328,46.397173],[-0.88501,46.395921],[-0.887575,46.395978],[-0.88806,46.39453],[-0.88917,46.394264],[-0.910611,46.393653],[-0.910254,46.394481],[-0.910344,46.397003],[-0.909097,46.399313],[-0.906168,46.40114],[-0.904426,46.402759],[-0.902629,46.403113],[-0.901187,46.402167],[-0.899648,46.40198],[-0.89739,46.40338],[-0.897845,46.404398],[-0.897206,46.405145],[-0.894675,46.406323],[-0.892122,46.406877],[-0.890885,46.406912],[-0.890312,46.406656],[-0.888812,46.407484],[-0.887524,46.40773],[-0.880296,46.407703],[-0.878432,46.408603],[-0.874563,46.414007],[-0.873535,46.416807],[-0.874377,46.418507],[-0.873985,46.419219],[-0.87421,46.419512],[-0.875001,46.419604],[-0.875465,46.420665],[-0.876656,46.421428],[-0.877402,46.422825],[-0.881621,46.426343],[-0.881892,46.427423],[-0.881434,46.428406],[-0.881798,46.430712],[-0.884203,46.433116],[-0.884771,46.43418],[-0.884667,46.435178],[-0.883858,46.435922],[-0.884971,46.435847],[-0.885842,46.43521],[-0.887638,46.432402],[-0.887585,46.429375],[-0.888067,46.426852],[-0.886308,46.424225],[-0.885795,46.421977],[-0.883816,46.420268],[-0.883076,46.417394],[-0.881547,46.415437],[-0.881538,46.414928],[-0.883935,46.413458],[-0.886829,46.413282],[-0.888932,46.412335],[-0.891998,46.41224],[-0.894388,46.411279],[-0.895046,46.410441],[-0.898009,46.410592],[-0.901216,46.411727],[-0.903847,46.413408],[-0.904718,46.414163],[-0.905494,46.415565],[-0.906898,46.416459],[-0.910303,46.41641],[-0.911937,46.417477],[-0.911681,46.418008],[-0.908592,46.418263],[-0.907886,46.418878],[-0.908108,46.419195],[-0.909864,46.419486],[-0.910514,46.419933],[-0.910819,46.42107],[-0.912134,46.420752],[-0.913142,46.420978],[-0.913669,46.42188],[-0.913419,46.422493],[-0.911813,46.423321],[-0.912703,46.424112],[-0.9126,46.4252],[-0.91164,46.426371],[-0.909614,46.427492],[-0.909173,46.428018],[-0.909302,46.429041],[-0.910195,46.427896],[-0.912503,46.426405],[-0.913333,46.425308],[-0.913645,46.424099],[-0.914751,46.423583],[-0.915483,46.423643],[-0.920159,46.425502],[-0.921324,46.42626],[-0.921722,46.427035],[-0.92144,46.429317],[-0.922674,46.429223],[-0.925212,46.430165],[-0.926892,46.431632],[-0.929298,46.431421],[-0.930495,46.431729],[-0.931648,46.432681],[-0.932284,46.432591],[-0.932652,46.429337],[-0.933326,46.42852],[-0.934212,46.42812],[-0.939492,46.427933],[-0.941413,46.428237],[-0.944949,46.428263],[-0.945859,46.428606],[-0.947117,46.429572],[-0.94753,46.430604],[-0.943866,46.433598],[-0.943259,46.43698],[-0.943525,46.437701],[-0.944086,46.437329],[-0.945835,46.434096],[-0.94687,46.433793],[-0.948537,46.434002],[-0.949912,46.433834],[-0.953253,46.432337],[-0.954518,46.432372],[-0.956829,46.433669],[-0.958191,46.433974],[-0.962184,46.432985],[-0.963888,46.433136],[-0.96475,46.433712],[-0.967531,46.437634],[-0.968449,46.4381],[-0.969048,46.438083],[-0.969983,46.437484],[-0.969106,46.435978],[-0.970919,46.435883],[-0.972412,46.435254],[-0.973246,46.435371],[-0.974199,46.436417],[-0.974431,46.439227],[-0.974914,46.43967],[-0.978483,46.438521],[-0.981023,46.438812],[-0.98223,46.439443],[-0.98219,46.44145],[-0.982935,46.442754],[-0.982708,46.443209],[-0.983677,46.443388],[-0.983725,46.444046],[-0.983498,46.444681],[-0.982244,46.445728],[-0.982486,46.44634],[-0.983956,46.446097],[-0.985507,46.446628],[-0.987341,46.44663],[-0.988518,46.446044],[-0.988938,46.444485],[-0.98955,46.444247],[-0.991417,46.444467],[-0.99243,46.445833],[-0.993677,46.44508],[-0.993636,46.444514],[-0.99417,46.443871],[-0.995862,46.444224],[-0.996149,46.444774],[-0.998097,46.445797],[-0.998419,46.446589],[-0.999469,46.445939],[-0.999779,46.444824],[-1.000403,46.444491],[-1.001353,46.444782],[-1.001812,46.445582],[-1.002553,46.445646],[-1.0037,46.446391],[-1.006559,46.447057],[-1.007336,46.44799],[-1.005628,46.449853],[-1.008862,46.449356],[-1.009791,46.448904],[-1.012037,46.449461],[-1.012502,46.450342],[-1.012029,46.451093],[-1.01037,46.451737],[-1.008511,46.45316],[-1.008539,46.455148],[-1.008181,46.455503],[-1.009074,46.456285],[-1.010401,46.455447],[-1.009792,46.454783],[-1.010056,46.453597],[-1.011702,46.453435],[-1.01255,46.453951],[-1.01475,46.45409],[-1.01548,46.454502],[-1.01571,46.455472],[-1.015003,46.456128],[-1.014621,46.457336],[-1.01595,46.457614],[-1.017156,46.458378],[-1.017647,46.459465],[-1.017239,46.460332],[-1.019741,46.461565],[-1.021068,46.463641],[-1.020743,46.464279],[-1.021572,46.464588],[-1.023105,46.466026],[-1.023094,46.46641],[-1.022461,46.46677],[-1.023034,46.467319],[-1.024465,46.467443],[-1.02479,46.46665],[-1.025531,46.466225],[-1.027387,46.466688],[-1.027597,46.4676],[-1.029016,46.467176],[-1.030749,46.467476],[-1.032388,46.466844],[-1.032775,46.466406],[-1.03263,46.465771],[-1.030147,46.465003],[-1.02969,46.464324],[-1.030168,46.463447],[-1.032183,46.464155],[-1.033712,46.463623],[-1.033678,46.463097],[-1.03466,46.462932],[-1.034477,46.462578],[-1.033493,46.462432],[-1.032663,46.461352],[-1.03396,46.461482],[-1.036457,46.460682],[-1.037361,46.460672],[-1.03711,46.461439],[-1.037585,46.46171],[-1.037477,46.462151],[-1.039124,46.462494],[-1.040037,46.463233],[-1.039976,46.464209],[-1.041787,46.465137],[-1.042087,46.464932],[-1.04122,46.464291],[-1.041146,46.463793],[-1.042732,46.463111],[-1.039498,46.461025],[-1.039475,46.460057],[-1.041835,46.460762],[-1.042169,46.459637],[-1.045462,46.459146],[-1.047873,46.460048],[-1.048211,46.461943],[-1.051083,46.460087],[-1.052632,46.459982],[-1.053446,46.46054],[-1.054034,46.462696],[-1.052242,46.464734],[-1.054111,46.466652],[-1.054527,46.46808],[-1.054225,46.468898],[-1.054934,46.468924],[-1.056185,46.467755],[-1.057616,46.467361],[-1.05888,46.467763],[-1.059111,46.46876],[-1.059633,46.469124],[-1.063923,46.470523],[-1.064624,46.470259],[-1.064888,46.469226],[-1.065538,46.468824],[-1.06723,46.46866],[-1.06817,46.469488],[-1.067805,46.471142],[-1.064816,46.472718],[-1.064606,46.473811],[-1.0649,46.47446],[-1.065612,46.472955],[-1.066896,46.472121],[-1.068041,46.471913],[-1.069547,46.472351],[-1.071454,46.47194],[-1.073116,46.47276],[-1.075121,46.472508],[-1.076574,46.472741],[-1.079118,46.475076],[-1.08005,46.474792],[-1.079989,46.473376],[-1.080795,46.473018],[-1.081,46.472461],[-1.083182,46.471594],[-1.085112,46.471395],[-1.084067,46.470929],[-1.081473,46.470919],[-1.07996,46.470278],[-1.079544,46.468793],[-1.077573,46.467249],[-1.076336,46.465411],[-1.076537,46.463725],[-1.075421,46.462559],[-1.075461,46.461261],[-1.076065,46.460576],[-1.078001,46.459552],[-1.07893,46.459259],[-1.079968,46.459486],[-1.081576,46.4615],[-1.085626,46.460908],[-1.088137,46.46134],[-1.090949,46.463255],[-1.094227,46.463421],[-1.097161,46.464137],[-1.099032,46.465904],[-1.099923,46.465881],[-1.101103,46.465324],[-1.102025,46.465791],[-1.102277,46.465653],[-1.102034,46.46381],[-1.10055,46.463409],[-1.100281,46.463079],[-1.100962,46.462397],[-1.10257,46.461873],[-1.100691,46.461442],[-1.100402,46.460153],[-1.099029,46.459126],[-1.098493,46.457685],[-1.094863,46.454776],[-1.093489,46.454216],[-1.09279,46.45317],[-1.088801,46.450165],[-1.088976,46.449343],[-1.091008,46.447026],[-1.091005,46.444284],[-1.092103,46.443514],[-1.095241,46.442807],[-1.096806,46.441666],[-1.09867,46.441873],[-1.099797,46.442737],[-1.099955,46.44354],[-1.099161,46.446165],[-1.099666,46.447115],[-1.102427,46.4477],[-1.105935,46.447437],[-1.108259,46.449579],[-1.108415,46.452324],[-1.10885,46.452893],[-1.109861,46.453165],[-1.113276,46.452475],[-1.115507,46.4527],[-1.117488,46.454419],[-1.117366,46.455773],[-1.122138,46.455732],[-1.123092,46.455221],[-1.124026,46.453763],[-1.125291,46.453222],[-1.126885,46.453225],[-1.129259,46.453867],[-1.130504,46.453869],[-1.130939,46.452685],[-1.13156,46.452497],[-1.131711,46.453513],[-1.132371,46.453346],[-1.135414,46.453722],[-1.137163,46.454346],[-1.137589,46.45513],[-1.139482,46.454804],[-1.142905,46.454985],[-1.146097,46.454617],[-1.146923,46.4549],[-1.147641,46.454574],[-1.14909,46.454757],[-1.146946,46.450676],[-1.143806,46.448919],[-1.143742,46.4481],[-1.144799,46.447223],[-1.142895,46.444538],[-1.143085,46.443377],[-1.144005,46.442897],[-1.148626,46.444515],[-1.151295,46.444963],[-1.153326,46.44566],[-1.155602,46.447421],[-1.157415,46.447914],[-1.158669,46.447801],[-1.160416,46.446092],[-1.161769,46.446092],[-1.162922,46.446469],[-1.163843,46.447369],[-1.163004,46.44943],[-1.163045,46.450695],[-1.164592,46.45336],[-1.165046,46.452878],[-1.165186,46.45118],[-1.16746,46.449982],[-1.168786,46.449934],[-1.1706,46.450459],[-1.173157,46.450232],[-1.175704,46.450808],[-1.177453,46.450311],[-1.179246,46.451894],[-1.181397,46.451107],[-1.182061,46.451388],[-1.182453,46.452743],[-1.181368,46.454033],[-1.180269,46.454384],[-1.182325,46.454823],[-1.18297,46.456226],[-1.183554,46.456421],[-1.184119,46.455922],[-1.184314,46.454065],[-1.185289,46.452468],[-1.185115,46.451159],[-1.185523,46.451081],[-1.187172,46.451412],[-1.188311,46.452469],[-1.188376,46.453181],[-1.187407,46.45476],[-1.190657,46.454681],[-1.191847,46.457216],[-1.19271,46.457245],[-1.194062,46.45542],[-1.19624,46.454544],[-1.197199,46.455786],[-1.197484,46.457739],[-1.198424,46.458166],[-1.199029,46.458985],[-1.19987,46.459177],[-1.200419,46.460059],[-1.201598,46.45997],[-1.202178,46.460229],[-1.202445,46.460153],[-1.200952,46.457565],[-1.202823,46.455809],[-1.203874,46.455561],[-1.207069,46.457208],[-1.208189,46.458508],[-1.210258,46.459646],[-1.210382,46.460723],[-1.212287,46.461087],[-1.214764,46.463525],[-1.215822,46.464088],[-1.215884,46.462544],[-1.213467,46.460269],[-1.212369,46.457673],[-1.21014,46.456077],[-1.211002,46.453494],[-1.21241,46.453531],[-1.214594,46.454954],[-1.217871,46.45518],[-1.219255,46.455727],[-1.21983,46.455659],[-1.219288,46.459236],[-1.220379,46.46012],[-1.221346,46.460286],[-1.222103,46.460012],[-1.222269,46.459492],[-1.223493,46.458762],[-1.223789,46.457066],[-1.224408,46.456696],[-1.225382,46.457744],[-1.226634,46.458076],[-1.227048,46.459166],[-1.228152,46.45964],[-1.228898,46.459203],[-1.229438,46.457806],[-1.23011,46.457697],[-1.231903,46.460165],[-1.232473,46.460293],[-1.233482,46.459888],[-1.2348,46.458108],[-1.235705,46.457724],[-1.235223,46.456827],[-1.235322,46.456121],[-1.235622,46.455256],[-1.236333,46.454855],[-1.234343,46.452985],[-1.234585,46.452183],[-1.237609,46.451548],[-1.241793,46.451843],[-1.242171,46.451667],[-1.24191,46.45105],[-1.240441,46.450874],[-1.23883,46.449649],[-1.234746,46.448155],[-1.234823,46.447625],[-1.235392,46.447319],[-1.2388,46.447139],[-1.242202,46.445849],[-1.24249,46.445505],[-1.242452,46.445132],[-1.24113,46.445204],[-1.239156,46.444177],[-1.238994,46.44233],[-1.237314,46.442793],[-1.236492,46.442021],[-1.235661,46.441759],[-1.236584,46.440548],[-1.240554,46.439508],[-1.241993,46.438589],[-1.242807,46.437269],[-1.244243,46.436093],[-1.243757,46.431665],[-1.243209,46.430153],[-1.246896,46.426454],[-1.248557,46.426553],[-1.25171,46.431389],[-1.248168,46.443511],[-1.252898,46.449365],[-1.276084,46.445487],[-1.268644,46.42485],[-1.27238,46.41573],[-1.269609,46.404041],[-1.271064,46.404923],[-1.271774,46.406064],[-1.27343,46.406972],[-1.279707,46.408409],[-1.281987,46.409802],[-1.286948,46.411474],[-1.288075,46.413302],[-1.287431,46.415248],[-1.285883,46.417565],[-1.286053,46.418135],[-1.287041,46.41785],[-1.291423,46.41429],[-1.29316,46.414942],[-1.297062,46.418046],[-1.296701,46.419245],[-1.300487,46.418264],[-1.303494,46.417853],[-1.312317,46.417682],[-1.315001,46.418013],[-1.317752,46.418955],[-1.319614,46.419979],[-1.320964,46.420865],[-1.321501,46.42163],[-1.321528,46.423637],[-1.320795,46.424739],[-1.319165,46.426093],[-1.317816,46.426679],[-1.318647,46.427378],[-1.319032,46.428975],[-1.32176,46.429594],[-1.322259,46.430022],[-1.322659,46.433423],[-1.323197,46.433793],[-1.327424,46.431207],[-1.331618,46.42959],[-1.332853,46.429415],[-1.334907,46.428493],[-1.337917,46.428283],[-1.340092,46.427017],[-1.341662,46.427211],[-1.343135,46.426006],[-1.346177,46.424966],[-1.346911,46.424019],[-1.349045,46.422896],[-1.353451,46.42208],[-1.354733,46.422363],[-1.355339,46.421073],[-1.355872,46.420729],[-1.358259,46.42012],[-1.359168,46.420401],[-1.359195,46.418887],[-1.359683,46.418112],[-1.361484,46.416649],[-1.365197,46.412576],[-1.365856,46.412345],[-1.366641,46.412569],[-1.367224,46.413197],[-1.367985,46.415167],[-1.36956,46.416104],[-1.370521,46.417214],[-1.371262,46.417098],[-1.372778,46.416206],[-1.373926,46.416457],[-1.375314,46.41614],[-1.377254,46.416304],[-1.378572,46.416042],[-1.379022,46.415781],[-1.379057,46.415094],[-1.372928,46.412403],[-1.371103,46.41121],[-1.370957,46.409669],[-1.371953,46.407492],[-1.375063,46.405078],[-1.377119,46.40447],[-1.379549,46.40426],[-1.383513,46.404788],[-1.383674,46.404444],[-1.382548,46.403247],[-1.383738,46.402501],[-1.385099,46.402524],[-1.392316,46.402839],[-1.392774,46.403322],[-1.392582,46.404666],[-1.392914,46.40492],[-1.395787,46.403567],[-1.400282,46.403663],[-1.402058,46.404028],[-1.402657,46.406226],[-1.404962,46.405758],[-1.405615,46.405097],[-1.405158,46.400699],[-1.403953,46.399761],[-1.402217,46.399312],[-1.401221,46.398687],[-1.400673,46.397516],[-1.401845,46.395223],[-1.400911,46.392514],[-1.403128,46.391731],[-1.404739,46.391897],[-1.405323,46.392695],[-1.406567,46.393347],[-1.408463,46.393309],[-1.412448,46.392093],[-1.413198,46.392777],[-1.413005,46.393977],[-1.416419,46.393477],[-1.418401,46.393841],[-1.42081,46.395545],[-1.421736,46.397284],[-1.421831,46.398569],[-1.422898,46.398079],[-1.425162,46.397698],[-1.429201,46.397625],[-1.430531,46.398646],[-1.431787,46.400441],[-1.434381,46.400087],[-1.436247,46.401194],[-1.436804,46.403222],[-1.439258,46.405068],[-1.439316,46.406697],[-1.440464,46.406064],[-1.441575,46.405858],[-1.442702,46.407197],[-1.443627,46.407695],[-1.44738,46.407811],[-1.449563,46.409562],[-1.452907,46.409482],[-1.453117,46.411175],[-1.454513,46.411631],[-1.455919,46.411354],[-1.456566,46.412801],[-1.457651,46.413141],[-1.458024,46.415457],[-1.458449,46.414143],[-1.459421,46.413753],[-1.460244,46.413811],[-1.462207,46.415001],[-1.462584,46.416061],[-1.464433,46.415159],[-1.466683,46.415692],[-1.468329,46.415384],[-1.469456,46.416092],[-1.469535,46.416781],[-1.472137,46.417574],[-1.473149,46.416871],[-1.474429,46.416952],[-1.475148,46.417705],[-1.475996,46.417257],[-1.477442,46.417103],[-1.479766,46.417403],[-1.480832,46.41789],[-1.481822,46.417312],[-1.483972,46.41898],[-1.486293,46.418996],[-1.488457,46.420016],[-1.49173,46.418687],[-1.493676,46.418768],[-1.493931,46.418509],[-1.49314,46.418054],[-1.489791,46.418291],[-1.488028,46.417805],[-1.487474,46.416398],[-1.487756,46.416096],[-1.489523,46.416203],[-1.490618,46.41411],[-1.492377,46.412815],[-1.492336,46.412228],[-1.491413,46.411609],[-1.488267,46.410857],[-1.487857,46.410197],[-1.488009,46.409449],[-1.487442,46.408736],[-1.487922,46.407376],[-1.48591,46.406153],[-1.490031,46.405357],[-1.499278,46.405047],[-1.500982,46.404359],[-1.502813,46.402279],[-1.503096,46.399387],[-1.5027,46.398196],[-1.505157,46.399787],[-1.513934,46.404002],[-1.51755,46.405004],[-1.523644,46.405425],[-1.532473,46.40859],[-1.535122,46.409142],[-1.540312,46.409645],[-1.541751,46.409542],[-1.545465,46.408143],[-1.54615,46.406896],[-1.547343,46.405958],[-1.549156,46.405364],[-1.558884,46.406709],[-1.560597,46.406428],[-1.563589,46.406638],[-1.570041,46.407575],[-1.572384,46.408365],[-1.577813,46.409199],[-1.578001,46.409129],[-1.578582,46.408088],[-1.579324,46.407315],[-1.578533,46.408336],[-1.579611,46.408687],[-1.579412,46.4093],[-1.580318,46.409524],[-1.583694,46.409664],[-1.585105,46.408691],[-1.584112,46.407505],[-1.579181,46.40639],[-1.584131,46.407421],[-1.586013,46.408581],[-1.58883,46.408731],[-1.596378,46.410844],[-1.604443,46.412477],[-1.607283,46.412658],[-1.611666,46.41342],[-1.616006,46.412406],[-1.619143,46.412872]],[[-1.688867,46.442605],[-1.688861,46.442604],[-1.689281,46.442661],[-1.688867,46.442605]]],[[[-0.835536,46.62887],[-0.833972,46.629085],[-0.833915,46.628114],[-0.836061,46.625081],[-0.836067,46.623766],[-0.833627,46.621776],[-0.829618,46.619934],[-0.829126,46.61891],[-0.829153,46.617606],[-0.829559,46.617223],[-0.830043,46.617169],[-0.830303,46.61745],[-0.830458,46.618812],[-0.831007,46.618317],[-0.83347,46.619656],[-0.83392,46.617986],[-0.833117,46.616924],[-0.832896,46.61571],[-0.831566,46.614808],[-0.829923,46.612369],[-0.826815,46.612592],[-0.826829,46.612876],[-0.82782,46.613244],[-0.824352,46.614862],[-0.819017,46.616005],[-0.813712,46.616095],[-0.808028,46.615395],[-0.80497,46.615594],[-0.802604,46.616287],[-0.799791,46.616423],[-0.797786,46.616192],[-0.794668,46.613932],[-0.794026,46.612865],[-0.790436,46.611215],[-0.789518,46.609889],[-0.787627,46.608784],[-0.787556,46.607931],[-0.788485,46.607545],[-0.790448,46.60782],[-0.792568,46.608993],[-0.793267,46.609073],[-0.79401,46.608931],[-0.794083,46.608049],[-0.793043,46.606486],[-0.790394,46.605206],[-0.790682,46.604748],[-0.791837,46.604941],[-0.791538,46.604177],[-0.789831,46.603146],[-0.788921,46.60028],[-0.789384,46.599293],[-0.787254,46.598224],[-0.786605,46.596269],[-0.782509,46.595583],[-0.781321,46.594865],[-0.779797,46.594441],[-0.779146,46.593743],[-0.777768,46.593137],[-0.777823,46.591936],[-0.779274,46.591219],[-0.778917,46.590758],[-0.77702,46.590528],[-0.775641,46.589837],[-0.775959,46.588183],[-0.77452,46.586498],[-0.774677,46.585948],[-0.7758,46.585477],[-0.776977,46.584371],[-0.78899,46.585645],[-0.80118,46.588976],[-0.809382,46.590303],[-0.814801,46.587137],[-0.818587,46.585324],[-0.828261,46.582386],[-0.83411,46.58562],[-0.837365,46.587873],[-0.849674,46.593715],[-0.85871,46.597363],[-0.868139,46.602033],[-0.874769,46.605835],[-0.884711,46.610208],[-0.88522,46.610918],[-0.894426,46.614793],[-0.901529,46.618186],[-0.916203,46.625911],[-0.929409,46.63203],[-0.933576,46.634684],[-0.946275,46.641225],[-0.95447,46.645021],[-0.95525,46.645219],[-0.955995,46.64411],[-0.960545,46.645498],[-0.96952,46.649378],[-0.969916,46.650171],[-0.97095,46.650273],[-0.975474,46.652152],[-0.984723,46.656872],[-0.995004,46.65929],[-1.011447,46.666796],[-1.015249,46.667798],[-1.015784,46.667006],[-1.016617,46.667035],[-1.027835,46.669308],[-1.037979,46.673205],[-1.04459,46.675283],[-1.046449,46.675462],[-1.054619,46.678038],[-1.05505,46.678342],[-1.053996,46.67893],[-1.059239,46.683968],[-1.066147,46.687143],[-1.071025,46.690015],[-1.074834,46.69149],[-1.073872,46.692854],[-1.081243,46.697289],[-1.082117,46.697975],[-1.081734,46.698943],[-1.083609,46.698891],[-1.094693,46.706333],[-1.104148,46.711242],[-1.109913,46.713254],[-1.112331,46.714631],[-1.114989,46.714452],[-1.117652,46.713799],[-1.119433,46.714306],[-1.120377,46.714937],[-1.120749,46.715556],[-1.120393,46.716481],[-1.118989,46.717109],[-1.119197,46.719748],[-1.122908,46.72417],[-1.128756,46.727744],[-1.128155,46.728228],[-1.142473,46.737559],[-1.149734,46.74277],[-1.15308,46.744517],[-1.153559,46.746056],[-1.157842,46.74714],[-1.172093,46.753174],[-1.174246,46.752921],[-1.185128,46.758945],[-1.184826,46.759177],[-1.187343,46.760725],[-1.195165,46.764128],[-1.208345,46.767546],[-1.215438,46.769834],[-1.219249,46.769636],[-1.220048,46.770433],[-1.219698,46.771568],[-1.220021,46.773512],[-1.221219,46.774551],[-1.222518,46.776512],[-1.222554,46.780169],[-1.22189,46.781037],[-1.220761,46.781063],[-1.220177,46.781383],[-1.218991,46.783083],[-1.216496,46.783242],[-1.215987,46.783521],[-1.215958,46.784265],[-1.215109,46.784593],[-1.21383,46.783969],[-1.212513,46.783924],[-1.210003,46.783212],[-1.208718,46.782405],[-1.208674,46.781731],[-1.207717,46.780914],[-1.206631,46.780439],[-1.200587,46.780239],[-1.197049,46.780864],[-1.194047,46.780785],[-1.188952,46.7818],[-1.184098,46.783843],[-1.18008,46.783967],[-1.176829,46.783221],[-1.174483,46.782502],[-1.172503,46.781097],[-1.171881,46.780126],[-1.172039,46.777746],[-1.170484,46.776877],[-1.167371,46.777099],[-1.161663,46.776015],[-1.158853,46.774464],[-1.15931,46.772647],[-1.160599,46.772317],[-1.166812,46.772753],[-1.169015,46.772404],[-1.170442,46.770626],[-1.171591,46.770087],[-1.174248,46.769712],[-1.176732,46.768938],[-1.181262,46.770382],[-1.1825,46.770389],[-1.18185,46.768637],[-1.17788,46.766471],[-1.170975,46.763516],[-1.170797,46.762733],[-1.171987,46.761846],[-1.17097,46.761309],[-1.166546,46.761101],[-1.165906,46.760206],[-1.163899,46.758779],[-1.162367,46.758255],[-1.160589,46.757057],[-1.158414,46.756471],[-1.155271,46.756634],[-1.151435,46.759678],[-1.150474,46.760133],[-1.149532,46.760099],[-1.148196,46.758985],[-1.147208,46.755593],[-1.145858,46.755141],[-1.146208,46.754185],[-1.147414,46.753335],[-1.147499,46.752679],[-1.142984,46.750563],[-1.141766,46.750416],[-1.140567,46.750975],[-1.139695,46.751008],[-1.136849,46.750487],[-1.13437,46.750668],[-1.13383,46.75027],[-1.133643,46.74818],[-1.131154,46.746049],[-1.130061,46.746442],[-1.12951,46.747069],[-1.129685,46.74839],[-1.12909,46.748716],[-1.125228,46.747435],[-1.124472,46.746028],[-1.123097,46.745327],[-1.119321,46.746126],[-1.116281,46.745419],[-1.113949,46.745374],[-1.107643,46.746938],[-1.106365,46.746461],[-1.105744,46.745851],[-1.102996,46.745819],[-1.101888,46.745396],[-1.101214,46.744918],[-1.100862,46.74392],[-1.099708,46.744212],[-1.097743,46.74539],[-1.094291,46.745959],[-1.091465,46.747919],[-1.089655,46.748636],[-1.086803,46.748948],[-1.086167,46.749303],[-1.086186,46.749951],[-1.085562,46.749188],[-1.08361,46.749145],[-1.082868,46.748542],[-1.082741,46.747713],[-1.08413,46.746345],[-1.080604,46.745273],[-1.079714,46.74473],[-1.074507,46.74428],[-1.065321,46.741064],[-1.064174,46.738699],[-1.061636,46.738029],[-1.060562,46.738356],[-1.061857,46.73979],[-1.061859,46.740825],[-1.061267,46.741327],[-1.058162,46.740181],[-1.052534,46.739551],[-1.049156,46.738267],[-1.045774,46.736516],[-1.043557,46.736064],[-1.041825,46.735327],[-1.039863,46.735316],[-1.037058,46.735979],[-1.034541,46.735369],[-1.027293,46.731497],[-1.019044,46.72872],[-1.016505,46.726537],[-1.016515,46.726089],[-1.017501,46.725573],[-1.017649,46.72409],[-1.018019,46.723733],[-1.016809,46.721188],[-1.016722,46.720576],[-1.017405,46.719622],[-1.020435,46.719634],[-1.021215,46.718992],[-1.022914,46.718857],[-1.02462,46.718023],[-1.028751,46.717669],[-1.029328,46.717171],[-1.028941,46.715561],[-1.029564,46.714678],[-1.029575,46.713431],[-1.028571,46.711853],[-1.026453,46.709966],[-1.026451,46.708503],[-1.021904,46.70598],[-1.019877,46.705812],[-1.014555,46.700424],[-1.013331,46.700061],[-1.014498,46.702631],[-1.016813,46.704822],[-1.017035,46.705986],[-1.016038,46.707586],[-1.016112,46.708789],[-1.013862,46.710824],[-1.012638,46.710827],[-1.010297,46.710019],[-1.008282,46.709878],[-1.00583,46.707904],[-1.004701,46.707815],[-1.003863,46.70707],[-1.001744,46.706247],[-1.001032,46.705514],[-1.000736,46.704428],[-1.00252,46.702086],[-1.001776,46.69922],[-1.002837,46.69547],[-1.005991,46.692433],[-1.005672,46.691299],[-1.002642,46.68933],[-1.00128,46.688798],[-1.000368,46.689286],[-1.000573,46.690025],[-1.002257,46.691588],[-1.002294,46.692185],[-0.999863,46.693062],[-0.999976,46.694673],[-0.998222,46.696057],[-0.99786,46.697524],[-0.995836,46.698822],[-0.994473,46.700615],[-0.992687,46.701716],[-0.991887,46.701818],[-0.991123,46.701442],[-0.990494,46.699615],[-0.991323,46.697101],[-0.988604,46.691212],[-0.988746,46.688607],[-0.986027,46.684734],[-0.984336,46.683515],[-0.983711,46.680103],[-0.982939,46.678353],[-0.983922,46.676781],[-0.983804,46.676212],[-0.982809,46.675915],[-0.978324,46.678654],[-0.97563,46.679633],[-0.972448,46.681591],[-0.967275,46.682259],[-0.965351,46.684156],[-0.963664,46.684622],[-0.96137,46.684375],[-0.958952,46.682968],[-0.956751,46.682989],[-0.953472,46.681447],[-0.950045,46.681458],[-0.948096,46.680793],[-0.942315,46.67978],[-0.941386,46.679201],[-0.942314,46.678281],[-0.952025,46.677909],[-0.958126,46.674309],[-0.96868,46.671354],[-0.969319,46.670287],[-0.960501,46.668712],[-0.956783,46.667675],[-0.942642,46.661849],[-0.939412,46.659256],[-0.937876,46.658468],[-0.936451,46.661226],[-0.935942,46.661553],[-0.93124,46.661843],[-0.929609,46.662385],[-0.926732,46.66181],[-0.923345,46.658861],[-0.922253,46.658737],[-0.920633,46.659245],[-0.91993,46.658457],[-0.918637,46.658086],[-0.916749,46.656997],[-0.915354,46.65766],[-0.914686,46.657661],[-0.913515,46.656627],[-0.91276,46.654742],[-0.910431,46.653354],[-0.907975,46.653014],[-0.903358,46.651802],[-0.89899,46.652212],[-0.898471,46.650489],[-0.896137,46.649562],[-0.89491,46.649486],[-0.893622,46.648668],[-0.89214,46.648752],[-0.890793,46.647465],[-0.890084,46.647406],[-0.888928,46.648278],[-0.888111,46.64831],[-0.887637,46.64781],[-0.88761,46.645871],[-0.886523,46.644956],[-0.886008,46.643888],[-0.881897,46.643754],[-0.880563,46.643332],[-0.880331,46.643085],[-0.880629,46.642808],[-0.883128,46.643102],[-0.883884,46.642689],[-0.882329,46.641243],[-0.88194,46.641423],[-0.879954,46.640527],[-0.878167,46.640521],[-0.878509,46.637803],[-0.877715,46.637024],[-0.875789,46.636736],[-0.871863,46.636887],[-0.872027,46.636487],[-0.870858,46.636616],[-0.870704,46.636326],[-0.870149,46.636542],[-0.869418,46.63611],[-0.862179,46.634303],[-0.861087,46.635002],[-0.858741,46.635311],[-0.858007,46.634132],[-0.855305,46.63335],[-0.855854,46.632819],[-0.856195,46.631551],[-0.856121,46.630297],[-0.854575,46.629424],[-0.852825,46.629302],[-0.851374,46.630029],[-0.851098,46.62958],[-0.851383,46.62877],[-0.850816,46.627831],[-0.836088,46.628482],[-0.835536,46.62887]]]]},"properties":{"zone_id":"SUD_VENDEE","libelle":"Sud-Vendée sédimentaire","type_zone":"hydrogeol","ponderations":{"ips":0.5,"debit":0.25,"spi_3":0.25}}}]}